code,Unnamed: 0,industry,price,pe-ratio,price-fcf,price-book,price-sales
MMM,0,Industrials,177.63,0.36080037380675434,0.4954636619108127,0.7407826999650134,0.6550219941348973
ABT,1,Health Care,122.38,1.7690493328212424,1.5364541327964383,0.6409543008513403,1.2896383186705767
ABBV,2,Health Care,108.69,0.7167149092182089,0.39113852319034825,1.1708844942771937,0.8141862170087976
ABMD,3,Health Care,323.78,1.3858868525129235,2.023843093567896,1.0831847791679854,3.7138318670576727
ACN,4,Information Technology,259.27,0.6000185383150868,0.6430691987382191,0.8322143178448261,0.7652126099706744
ATVI,5,Communication Services,95.69,0.8247671044988775,1.2370442145491607,0.47954950602269125,1.8773216031280544
ADBE,6,Information Technology,476.62,0.826270439389739,1.4066129384756123,1.60565116705263,3.6709799608993148
AMD,7,Information Technology,86.94,0.8009016631064515,4.362276543525057,1.683088149542675,2.2099340175953075
AAP,8,Consumer Discretionary,166.15,0.567696838161565,0.5552164503420386,0.2817586591806474,0.2305840664711632
AES,9,Utilities,28.0,,0.9696101128137287,0.42636989154157573,0.3999511241446725
AFL,10,Financials,49.85,0.17551434850807737,0.20057557630157413,0.10076137480632424,0.32853128054740954
A,11,Health Care,125.02,1.4067456241236265,1.5690759253994317,0.732385918731153,1.4345185728250243
APD,12,Materials,263.26,0.5806631015952453,2.646241057389367,0.41610715892241307,1.3304496578690124
AKAM,13,Information Technology,97.54,0.6840173753419717,1.0293629012449546,0.36106159305599517,1.0284457478005864
ALK,14,Industrials,67.45,,2.2011635305881283,0.22484714192892724,0.47953323558162264
ALB,15,Materials,160.9,0.4903064107590919,0.0,0.3694583742898555,1.1202712609970673
ARE,16,Real Estate,163.91,0.4903064107590919,0.0,0.1558069406727421,2.211974584555229
ALXN,17,Health Care,154.49,1.075260280688671,0.382417845959845,0.27149592656148475,1.1508797653958942
ALGN,18,Health Care,573.26,0.5267309623855898,4.1742975010008765,1.390133782050214,3.7485215053763437
ALLE,19,Industrials,109.33,0.8632900610772027,0.7393196363193288,1.1177048797960782,0.7611314760508308
LNT,20,Utilities,47.53,0.4903064107590919,0.0,0.1875281142228812,0.7060361681329422
ALL,21,Financials,108.36,0.22550023362922145,0.2215697992638967,0.11289005881078919,0.15508308895405667
GOOGL,22,Communication Services,2083.81,1.075824031272744,1.1517753705175737,0.589640637755527,1.7099951124144672
GOOG,23,Communication Services,2095.17,1.0816494539748323,1.1582351314290575,0.5933725405261316,1.720197947214076
MO,24,Consumer Staples,45.0,0.6218168942325782,0.33170872280469665,2.4145410925811768,0.6529814271749755
AMZN,25,Consumer Discretionary,3159.53,2.1448830555366114,1.677922896757935,1.5869916531996069,0.8509164222873898
AMCR,26,Materials,11.41,0.8933567588944323,0.5400360122000514,0.34240207920297216,0.29588220918866076
AEE,27,Utilities,71.4,0.4903064107590919,0.0,0.19032704130083467,0.6264540566959921
AAL,28,Industrials,21.82,0.0346706609204928,0.0,0.0,0.1163123167155425
AEP,29,Utilities,77.1,0.4903064107590919,0.0,0.17260050314046282,0.5244257086999021
AXP,30,Financials,139.89,0.6990507242505866,0.8853102329188642,0.4571580893990637,0.6019672531769306
AIG,31,Financials,45.43,,1.043897363295793,0.05691151725172017,0.17752932551319645
AMT,32,Real Estate,224.78,0.9985902012547357,1.1527443346542963,2.2232810755876913,2.6078445747800583
AWK,33,Utilities,149.94,0.4903064107590919,0.0,0.38905086383552967,1.4773704789833821
AMP,34,Financials,232.1,0.41811501652084815,0.17828940115695477,0.42357096446362225,0.4999389051808406
ABC,35,Health Care,105.2,0.0346706609204928,0.2648501973708386,0.0,0.02244623655913978
AME,36,Industrials,123.01,0.6131727186101248,0.7609598353727997,0.4450294053945987,1.2773949169110457
AMGN,37,Health Care,229.99,0.35102869701615474,0.4431395985277934,1.3192276294087266,1.0917033235581621
APH,38,Information Technology,129.55,0.622568561678009,0.9689641367225803,0.663345717474968,0.9427419354838709
ADI,39,Information Technology,161.76,1.113407403544281,1.018704295741006,0.4608899921696683,2.0977028347996085
ANSS,40,Information Technology,385.37,1.6384471141776515,2.3064576334453153,0.8602035886243606,4.419868035190615
ANTM,41,Health Care,305.79,0.32077408233756755,0.2596823886416515,0.21085250653915996,0.1305962854349951
AON,42,Financials,233.7,0.7118290708229091,0.7066978437163352,1.3808040251237026,1.0039589442815249
AOS,43,Industrials,61.3,0.5408247269874161,0.6372554139178837,0.5010079469536678,0.7019550342130986
APA,44,Energy,20.81,0.0346706609204928,1.20539138608289,0.0,0.3448558162267839
AAPL,45,Information Technology,125.35,0.6379777443093391,0.8704527828224513,2.9705946054012626,1.5100195503421308
AMAT,46,Information Technology,122.81,0.7796670577730332,1.0826559287646964,0.9898872099028705,1.2712732160312805
APTV,47,Consumer Discretionary,155.22,0.42901419447959377,1.6175241322355607,0.48234843310064474,0.6427785923753665
ADM,48,Consumer Staples,58.48,0.4903064107590919,0.0,0.15114206220948637,0.10406891495601171
ANET,49,Information Technology,286.36,0.9474768149654456,0.85494935663489,0.6549489362411075,2.003836754643206
AJG,50,Financials,123.79,0.5537909904210964,0.4715625465383224,0.3591956416706929,0.7019550342130986
AIZ,51,Financials,128.13,0.5167713687336325,0.24643987877310958,0.1184879129666961,0.16120478983382208
T,52,Communication Services,29.38,0.4639667306921232,0.24353298636294185,0.0998283991136731,0.2509897360703812
ATO,53,Utilities,88.67,0.4903064107590919,0.0,0.14741015943888175,0.7856182795698924
ADSK,54,Information Technology,298.91,2.9254896976164333,1.5400070012977543,88.47595088549389,3.709750733137829
ADP,55,Information Technology,176.62,0.5752135126158724,0.8368620260827352,1.1960748379787747,1.0651759530791787
AZO,56,Consumer Discretionary,1189.86,0.0346706609204928,0.3688523480457289,0.0,0.4489247311827957
AVB,57,Real Estate,185.0,1.0076102105999045,2.3800989078362313,0.22578011762157837,2.30380009775171
AVY,58,Materials,180.52,0.7815462263866101,0.9486158898514061,1.0533295570031487,0.4448435972629521
BKR,59,Energy,25.15,,0.35625581426833536,0.1408793295903237,0.16732649071358746
BLL,60,Materials,86.26,0.9262422096320271,2.9065694221221667,0.7902304116755244,0.495857771260997
BAC,61,Financials,36.38,0.5340597199785395,0.26904904196330315,0.10915815604018458,0.697873900293255
BK,62,Financials,44.26,0.2736069501367887,0.5145199565996902,0.08116888526065008,0.4978983382209188
BAX,63,Health Care,78.51,0.6894669643213446,1.1311041356008256,0.42357096446362225,0.7101173020527858
BDX,64,Health Care,246.71,0.8897863385286364,0.6592186010169288,0.27149592656148475,0.7856182795698924
BRK.B,65,Financials,248.45,0.31043865496289486,0.7150955329012643,0.07650400679739432,0.4978983382209188
BBY,66,Consumer Discretionary,113.46,0.32396866898064813,0.20057557630157413,0.6680105959382237,0.1346774193548387
BIO,67,Health Care,594.74,0.08850884169946942,1.2160499915868381,0.16793562467720707,1.436559139784946
BIIB,68,Health Care,282.74,0.24015774881512084,0.38726266664345793,0.4301017943121803,0.6999144672531769
BLK,69,Financials,712.1,0.6118573005806209,1.2861383974764382,0.29855222164836814,1.3875855327468227
BA,70,Industrials,229.34,0.0346706609204928,0.0,0.0,0.455046432062561
BKNG,71,Consumer Discretionary,2443.5,1.3830680995925582,2.4518022539537023,1.9004714859303933,2.3507331378299114
BWA,72,Consumer Discretionary,46.0,1.252841714671683,0.5384210719721805,0.21365143361711345,0.19997556207233624
BXP,73,Real Estate,104.69,0.35835745460910445,0.8685148545490061,0.17913133298902087,1.2018939393939392
BSX,74,Health Care,39.53,,1.6020207060479994,0.33960315212501874,1.1590420332355813
BMY,75,Health Care,62.59,,0.3433362924453676,0.34240207920297216,0.6815493646138806
AVGO,76,Information Technology,480.88,1.4366244050794985,0.5632911514813934,0.7650400679739432,1.7263196480938416
BR,77,Information Technology,145.08,0.6885273800145562,0.943448081122219,1.0934475117871483,0.7407258064516128
BF.B,78,Consumer Staples,75.04,0.7343790941858311,1.6042816223670189,1.3938656848208186,2.1997311827956985
CHRW,79,Industrials,90.03,0.6432394164273542,0.7674195962842837,0.6092331273012012,0.15508308895405667
COG,80,Energy,19.2,0.581978519624749,3.1039151179679987,0.33680422504706525,1.0794599217986314
CDNS,81,Information Technology,139.42,0.6804469549761758,1.5048013043301673,1.514219549172817,3.1547165200391003
CPB,82,Consumer Staples,46.24,0.1493939047793592,0.40534999719561277,0.4711527247888309,0.32445014662756594
COF,83,Financials,124.48,,0.12015155295359996,0.09049864218716158,0.3673020527859237
CAH,84,Health Care,52.55,0.21046688472060668,0.16633884347070962,0.7295869916531996,0.020405669599217986
KMX,85,Consumer Discretionary,121.84,0.5043688558840254,1.1931178403510705,0.44876130816520327,0.22038123167155424
CCL,86,Consumer Discretionary,27.01,0.4903064107590919,0.0,0.1334155240491145,0.6795087976539589
CARR,87,Industrials,37.45,,,0.4608899921696683,
CTLT,88,Health Care,115.15,0.4903064107590919,0.0,0.4786165303300401,1.1100684261974583
CAT,89,Industrials,222.47,0.7657612100325646,0.7909977236111997,0.7361178215017576,0.5958455522971651
CBOE,90,Financials,104.2,0.4087191734529639,0.7855069268364384,0.3442680305882745,0.8937683284457476
CBRE,91,Real Estate,77.18,0.4575775574059619,0.5216256936023224,0.3666594472119021,0.22242179863147604
CDW,92,Information Technology,162.1,0.8016533305518823,0.9692871247681546,1.7437315695650002,0.2591520039100684
CE,93,Materials,141.21,0.15634682864959354,0.5519865698862966,0.3862519367575762,0.6060483870967741
CNC,94,Health Care,59.35,0.35986078949996586,1.6911654066264767,0.124085767122603,0.06325757575757575
CNP,95,Utilities,20.81,0.4903064107590919,0.0,0.1259517185079053,0.17956989247311825
CERN,96,Health Care,70.29,0.6381656611706967,0.9460319854868126,0.4562251137064125,0.8060239491691104
CF,97,Materials,48.61,0.8537063011479609,0.3649764914988386,0.17726538160371855,0.5162634408602149
SCHW,98,Financials,64.44,0.4903064107590919,0.0,0.24723855855255483,1.6324535679374386
CHTR,99,Communication Services,608.51,1.2177012615977958,0.6789208717969546,0.3591956416706929,0.5448313782991201
CVX,100,Energy,103.31,,2.138180861701161,0.13621445112706795,0.41627565982404685
CMG,101,Consumer Discretionary,1449.06,2.1783322568582792,4.578355546014192,1.874348166536161,1.4018695014662754
CB,102,Financials,170.66,1.3090288562176304,0.2890743007889031,0.1278176698932076,0.43872189638318665
CHD,103,Consumer Staples,79.55,0.48069133135295705,0.7212323057671739,0.6027022974526431,0.8345918866080155
CI,104,Health Care,214.94,0.34633077548221264,0.33300067498699343,0.16233777052130016,0.09998778103616812
CINF,105,Financials,100.89,1.7885926864024417,0.37046728827359987,0.15487396498009096,0.4428030303030302
CTAS,106,Industrials,338.31,0.7135203225751282,1.0245180805613416,0.9208470086466853,1.0692570869990223
CSCO,107,Information Technology,45.74,0.36117620752946966,0.43441892129729015,0.4608899921696683,0.8243890518084065
C,108,Financials,68.6,0.4903064107590919,0.0,0.06810722556353398,0.3305718475073314
CFG,109,Financials,46.38,0.4903064107590919,0.0,0.08210186095330123,0.5285068426197458
CTXS,110,Information Technology,137.0,0.6453065019022888,0.6240129040493417,13.964780167602418,1.0917033235581621
CLX,111,Consumer Staples,183.29,0.4579533911286773,0.5481107133394062,1.558069406727421,0.6366568914956011
CME,112,Financials,200.7,0.8040962497495322,0.9001676830152772,0.248171534245206,3.005755131964809
CMS,113,Utilities,54.57,0.4903064107590919,0.0,0.24164070439664792,0.47749266862170076
KO,114,Consumer Staples,50.71,0.6571452641678228,0.9415101528487738,1.0010829182146843,1.354936461388074
CTSH,115,Information Technology,74.93,0.5479655677190082,0.45121429966714827,0.34146910351032106,0.4978983382209188
CL,116,Consumer Staples,76.64,0.46020839346496945,0.6427462106926449,5.519484197724205,0.8162267839687193
CMCSA,117,Communication Services,53.4,0.4401012892996973,0.5671670080282837,0.24910450993785713,0.48565493646138796
CMA,118,Financials,72.07,0.41416876243233675,0.38370979814214184,0.11662196158139379,0.6652248289345062
CAG,119,Consumer Staples,35.24,0.29164696882712643,0.37175924045589664,0.1893940656081835,0.30608504398826974
COP,120,Energy,54.67,,0.8846642568277159,0.1781983572963697,0.6244134897360702
ED,121,Utilities,66.65,0.4903064107590919,0.0,0.10449327757692885,0.3713831867057673
STZ,122,Consumer Staples,223.93,0.40965875775975236,0.6421002346014966,0.29575329457041466,1.0978250244379275
COO,123,Health Care,392.57,1.5337774224014213,3.5693408916404117,0.47021974909617975,1.6344941348973605
CPRT,124,Industrials,110.56,0.9707785057737983,2.4572930507284636,0.8984555920230578,2.3629765395894426
GLW,125,Information Technology,38.63,1.5444886834988092,1.0177353316042836,0.21365143361711345,0.5774804496578689
CTVA,126,Materials,46.41,0.9690872540215792,0.6734300750221933,0.12875064558585875,0.4999389051808406
COST,127,Consumer Staples,340.7,0.6573331810291805,0.7612828234183739,0.9199140329540342,0.17752932551319645
CCI,128,Real Estate,161.2,2.589118515786178,1.9808856835065283,0.6820052313279908,2.3935850439882693
CSX,129,Industrials,93.37,0.4874563383618338,0.8875711492378836,0.5233993635772953,1.3835043988269793
CMI,130,Industrials,259.12,0.4060883373939563,0.5684589602105805,0.3965146693767389,0.39791055718475066
CVS,131,Health Care,70.4,0.2803719571456654,0.2361042613147354,0.124085767122603,0.06937927663734114
DHI,132,Consumer Discretionary,80.05,0.2860094629863959,0.8924159699214964,0.21271845792446226,0.2713954056695992
DHR,133,Health Care,223.0,1.3054584358518346,1.170508677160877,0.38905086383552967,1.4692082111436948
DRI,134,Consumer Discretionary,138.78,,1.5400070012977543,0.6876030854838978,0.526466275659824
DVA,135,Health Care,102.89,0.30743198518117193,0.3007018704295741,0.6736084500941305,0.22650293255131965
DE,136,Industrials,345.66,0.9187255351777198,0.41859250706415474,0.7818336304416641,0.6019672531769306
DAL,137,Industrials,49.6,0.4903064107590919,0.0,0.8788631024773836,0.3775048875855327
XRAY,138,Health Care,54.0,,0.6702001945664514,0.2313779717774853,0.7223607038123167
DVN,139,Energy,22.27,,0.6504979237864256,0.25283641270846174,0.3570992179863147
DXCM,140,Health Care,405.64,5.368033061543617,4.618406063665392,1.990970128117555,4.172959433040077
FANG,141,Energy,73.8,,1.8135778758990961,0.10169435049897539,0.7652126099706744
DLR,142,Real Estate,135.15,2.645493574193483,0.7318909112711224,0.192192992686137,1.8507942326490712
DFS,143,Financials,97.96,0.5128251146451211,0.16375493910611608,0.2575012911717175,0.4734115347018572
DISCA,144,Communication Services,51.86,0.472986740037292,0.3782190013673805,0.2071206037685554,0.6815493646138806
DISCK,145,Communication Services,43.53,0.39706832804878744,0.31749724879943214,0.17353347883311399,0.5713587487781036
DISH,146,Communication Services,31.4,0.23978191509240548,0.20025258825599992,0.12128684004464955,0.2591520039100684
DG,147,Consumer Discretionary,192.61,0.3587332883318198,0.5190417892377288,0.6306915682321776,0.30608504398826974
DLTR,148,Consumer Discretionary,101.13,0.4692284028101383,0.47737633135865787,0.3190776868866934,0.19589442815249264
D,149,Utilities,71.17,,10.843031677971247,0.1931259683787881,0.7937805474095796
DPZ,150,Consumer Discretionary,364.59,0.0346706609204928,1.0522950524807222,0.0,0.7672531769305961
DOV,151,Industrials,125.5,0.5017380198250178,0.622720951867045,0.49727604418306315,0.557074780058651
DOW,152,Materials,63.69,0.738701181997058,0.25903641255050314,0.33960315212501874,0.2489491691104594
DTE,153,Utilities,123.9,0.4903064107590919,0.0,0.17913133298902087,0.3999511241446725
DUK,154,Utilities,87.34,0.4903064107590919,0.0,0.12688469420055645,0.7244012707722384
DRE,155,Real Estate,40.35,0.4903064107590919,0.0,0.2752278293320894,3.1037023460410555
DD,156,Materials,71.68,,0.5464957731115353,0.12875064558585875,0.5285068426197458
DXC,157,Information Technology,26.02,,1.67986082503138,0.10262732619162655,0.07550097751710654
EMN,158,Materials,113.37,0.6515077583270924,0.37983394159525147,0.23231094747013645,0.3734237536656891
ETN,159,Industrials,132.68,1.07939445163854,0.7021760110782965,0.33960315212501874,0.6121700879765395
EBAY,160,Consumer Discretionary,59.38,0.1446959832454171,0.7154185209468384,1.0645252653149626,0.8509164222873898
ECL,161,Materials,216.19,,1.4666887149524124,0.9516352065041733,1.0366080156402735
EIX,162,Utilities,56.47,0.4903064107590919,0.0,0.1278176698932076,0.31424731182795695
EW,163,Health Care,84.45,1.2207079313795188,2.6627134477136507,1.0757209736267763,2.4752077223851416
EA,164,Communication Services,137.68,0.6419239983978504,0.6766599554779352,0.4646218949402729,1.4508431085043987
EMR,165,Industrials,88.97,0.6169310558372784,0.5949439799476643,0.5569864885127367,0.6529814271749755
ENPH,166,Information Technology,180.87,3.7765651627053862,4.234696265523251,4.496009862885893,6.576747311827956
ETR,167,Utilities,89.97,0.4903064107590919,0.0,0.1520750379021375,0.3591397849462365
EOG,168,Energy,72.37,,0.6782748957058062,0.19592489545674158,0.6917521994134896
EFX,169,Industrials,170.7,0.9112088607234125,1.4221163646631738,0.6530829848558053,1.0366080156402735
EQIX,170,Real Estate,639.0,3.2988805011341524,14.869400654099143,0.50287389833897,1.9201735092864123
EQR,171,Real Estate,69.35,0.5319926345036049,0.5035383630501675,0.22391416623627608,2.124230205278592
ESS,172,Real Estate,270.13,0.7069432324276093,1.4347128984405673,0.26216616963497325,2.4139907135874874
EL,173,Consumer Staples,294.34,46.09281150439694,1.444079551762219,1.82490045482565,1.548790322580645
ETSY,174,Consumer Discretionary,209.1,2.1830301783922215,1.806795126942038,3.6768572047381833,4.075012218963831
EVRG,175,Utilities,54.55,0.3686928819837771,1.3562268033660383,0.1315495726638122,0.5183040078201367
ES,176,Utilities,80.11,0.4903064107590919,0.0,0.18286323575962546,0.6244134897360702
RE,177,Financials,244.72,0.4087191734529639,0.1227354573181935,0.09516352065041733,0.20813782991202343
EXC,178,Utilities,40.19,0.4903064107590919,0.0,0.10449327757692885,0.24078690127077218
EXPE,179,Consumer Discretionary,162.78,0.4903064107590919,0.0,0.5420588774303183,0.9019305962854348
EXPD,180,Industrials,92.06,0.5925018638607794,0.8100540183000771,0.5803108808290155,0.31628787878787873
EXR,181,Real Estate,127.1,0.7088224010411861,1.1614650118847996,0.5532545857421322,2.5772360703812316
XOM,182,Energy,56.7,0.4903064107590919,0.0,0.12128684004464955,0.2713954056695992
FFIV,183,Information Technology,189.5,0.7403924337492771,0.6169071670467096,0.45342618662845907,0.9896749755620721
FB,184,Communication Services,264.31,0.4917784261730605,1.0432513872046447,0.5476567315862253,1.8079423264907133
FAST,185,Industrials,46.9,0.591562279553991,0.923422822296619,0.918981057261383,0.9753910068426197
FRT,186,Real Estate,106.02,0.4903064107590919,0.0,0.2976192459557169,1.9528225806451611
FDX,187,Industrials,260.06,0.5318047176422472,0.7877678431554578,0.30601602718957727,0.18773216031280546
FIS,188,Information Technology,139.44,10.917969644881472,0.8523654522702965,0.16327074621395132,1.4181940371456498
FITB,189,Financials,36.25,0.6486890054067271,0.27389386264691606,0.10542625326957998,0.6346163245356793
FE,190,Utilities,34.25,0.4903064107590919,0.0,0.24164070439664792,0.3509775171065493
FRC,191,Financials,178.23,0.4903064107590919,0.0,0.25283641270846174,1.3977883675464318
FISV,192,Information Technology,119.07,2.3307328314193616,0.7228472459950449,0.229512020392183,1.1182306940371456
FLT,193,Information Technology,290.19,0.9583759929241912,0.5416509524279224,0.768771970744548,2.1507575757575754
FLIR,194,Information Technology,54.71,0.9790468476735366,0.986728479229161,0.3703913499825067,0.7896994134897359
FLS,195,Industrials,38.75,0.7355065953539773,0.709604736126503,0.2761608050247405,0.2713954056695992
FMC,196,Materials,104.97,0.5137646989519096,0.7328598754078449,0.428235842926878,0.6019672531769306
F,197,Consumer Discretionary,12.27,,0.08494585598601287,0.1520750379021375,0.07754154447702834
FTNT,198,Information Technology,169.85,1.5723003789797467,1.0965444147243868,3.605951052096696,2.238501955034213
FTV,199,Industrials,67.64,1.2584792205124133,0.49158780536392244,0.27709378071739166,0.7305229716520039
FBHS,200,Industrials,87.25,0.5919381132767063,0.5875152548994579,0.4301017943121803,0.4101539589442814
FOXA,201,Communication Services,34.04,0.2961569734997109,0.28649039642430957,0.17166752744781166,0.3326124144672531
FOX,202,Communication Services,32.74,0.28488196181824976,0.27550880287478696,0.16513669759925362,0.32036901270772233
BEN,203,Financials,27.93,0.5831060207928952,0.37369716872934183,0.11568898588874264,0.455046432062561
FCX,204,Materials,37.89,1.8256123080899056,1.693103334899922,0.30135114872632157,0.7937805474095796
GPS,205,Consumer Discretionary,25.95,,0.3888776068713289,0.3815870582943205,0.1428396871945259
GRMN,206,Consumer Discretionary,128.45,0.7037486457845287,0.8365390380371609,0.41610715892241307,1.2018939393939392
IT,207,Information Technology,183.16,2.1116217710763014,0.8710987589135997,1.4722356430035153,0.8203079178885628
GD,208,Industrials,168.06,0.42055793571849803,0.5406819882911997,0.28642353764390316,0.2611925708699902
GE,209,Industrials,13.12,0.43258461484538985,1.865255963190967,0.2892224647218566,0.29384164222873893
GIS,210,Consumer Staples,56.2,0.27078819721642344,0.3585167305873547,0.36199456874864633,0.38566715542521984
GM,211,Consumer Discretionary,52.9,0.41586001418455587,0.2583904364593547,0.1390133782050214,0.1265151515151515
GPC,212,Consumer Discretionary,106.31,,0.3559328262227612,0.4711527247888309,0.18569159335288365
GILD,213,Health Care,63.71,,0.3210501173007483,0.42636989154157573,0.6631842619745845
GL,214,Financials,98.32,0.3771491407448729,0.25096171141114826,0.11755493727404494,0.455046432062561
GPN,215,Information Technology,204.27,2.8646046345365432,2.1869520565828635,0.20432167669060192,1.6875488758553272
GS,216,Financials,330.64,0.32622367131694036,0.2651731854164128,0.1147560101960915,0.5427908113391984
GWW,217,Industrials,385.57,0.746969523896796,0.7784011898338062,0.8126218282991521,0.3591397849462365
HAL,218,Energy,22.27,,0.44023270611762566,0.3694583742898555,0.27751710654936457
HBI,219,Consumer Discretionary,18.25,,0.5258245381947869,0.7295869916531996,0.19793499511241444
HIG,220,Financials,53.15,0.30367364795401824,0.17279860438219347,0.0998283991136731,0.18977272727272726
HAS,221,Consumer Discretionary,90.91,2.009770832220436,0.6356404736900126,0.4142412075371108,0.4672898338220918
HCA,222,Health Care,175.43,0.4848255023028262,0.1631089630149677,4.263698915415757,0.23874633431085038
PEAK,223,Real Estate,31.3,1.15324577815211,5.337700441159121,0.21365143361711345,2.0589320625610945
HSIC,224,Health Care,65.01,0.6712390287696491,0.5474647372482578,0.21645036069506687,0.18773216031280546
HSY,225,Consumer Staples,147.57,0.45381922017880816,0.7926126638390707,1.2809756260100296,0.7733748778103616
HES,226,Energy,68.8,0.4903064107590919,0.0,0.28642353764390316,0.8896871945259042
HPE,227,Information Technology,14.84,,1.1075260082739093,0.11102410742548689,0.14488025415444766
HLT,228,Consumer Discretionary,127.26,0.0346706609204928,1.7321848884143995,0.0,1.6834677419354835
HFC,229,Energy,38.45,,1.013213498966245,0.09889542342102194,0.10202834799608991
HOLX,230,Health Care,75.15,0.5098184448633981,0.5051533032780385,0.552321610049481,0.8896871945259042
HD,231,Consumer Discretionary,259.97,0.42262502119343254,0.500954458685574,17.001616047181912,0.4570869990224829
HON,232,Industrials,211.03,0.5900589446631295,0.9046895156533159,0.7715708978225013,0.9386608015640272
HRL,233,Consumer Staples,46.88,0.7221644981975818,1.085562821174864,0.36759242290455324,0.5407502443792765
HST,234,Real Estate,17.12,0.4903064107590919,0.0,0.17539943021841625,1.5243035190615832
HWM,235,Industrials,30.14,,,0.34053612781766984,
HPQ,236,Information Technology,27.97,0.0346706609204928,0.3430133043997934,0.0,0.14488025415444766
HUM,237,Health Care,381.4,0.2833786269273883,0.35044202944799985,0.3340052979691118,0.1346774193548387
HBAN,238,Financials,16.22,0.7088224010411861,0.29876394215612895,0.11942088865934725,0.6529814271749755
HII,239,Industrials,188.1,0.32190158350571363,0.3333236630325676,0.37412325275311126,0.16732649071358746
IEX,240,Industrials,197.93,1.0247106449834538,0.9570135790363351,0.583109807906969,1.3080034213098728
IDXX,241,Health Care,532.88,1.4924357129027308,2.7583179092036123,6.713693084317677,3.481207233626588
INFO,242,Industrials,91.16,0.7894387345636328,0.8817573644175482,0.39558169368408774,1.7426441837732156
ITW,243,Industrials,203.45,0.5767168475067339,0.8103770063456514,1.8892757776185793,1.0508919843597262
ILMN,244,Health Care,461.05,1.9470066005269697,2.4734424530071735,1.3378871432617496,4.299474584555229
INCY,245,Health Care,80.61,0.4903064107590919,0.0,0.63255751961748,1.3488147605083087
IR,246,Industrials,48.1,,1.00513879782689,0.21178548223181112,0.8182673509286411
INTC,247,Information Technology,63.19,0.24034566567647853,0.4127787222438192,0.29575329457041466,0.7060361681329422
ICE,248,Financials,111.46,0.7402045168879194,0.8084390780722062,0.29855222164836814,2.0834188660801565
IBM,249,Information Technology,123.21,0.4904630081435567,0.26420422127969023,0.48048248171534247,0.30608504398826974
IP,250,Materials,50.8,1.1500511915090295,0.29876394215612895,0.26216616963497325,0.19793499511241444
IPG,251,Communication Services,27.0,0.8456258761095805,0.27227892241904506,0.3554637389000883,0.23874633431085038
IFF,252,Materials,138.15,0.9833689354847632,0.908242384154632,0.22671309331422954,0.6305351906158356
INTU,253,Information Technology,413.18,1.0421869130897186,1.4385887549874574,1.931259683787881,2.842509775171065
ISRG,254,Health Care,758.71,1.6183400100123795,2.578413567818786,0.8536727587758026,4.266825513196481
IVZ,255,Financials,23.26,0.6428635827046388,0.33364665107814184,0.06904020125618512,0.3570992179863147
IPGP,256,Information Technology,231.08,2.1181988612238203,1.6524068411575734,0.4646218949402729,2.1079056695992175
IQV,257,Health Care,194.59,2.5571726493553717,0.9124412287470964,0.552321610049481,0.6795087976539589
IRM,258,Real Estate,34.65,1.4155777166074377,0.47608437917636115,0.9936191126734751,0.48973607038123157
JKHY,259,Information Technology,151.64,0.9658926673784985,1.0684444547594318,0.6969328424104093,1.385544965786901
J,260,Industrials,119.75,1.2502108786126753,0.5445578448380901,0.236042850240741,0.2367057673509286
JBHT,261,Industrials,146.66,0.8351025318735501,0.9754238976340641,0.5812438565216667,0.3305718475073314
SJM,262,Consumer Staples,113.22,0.2756740356117232,0.31039151179679986,0.14181230528297487,0.32445014662756594
JNJ,263,Health Care,162.59,0.6285819012414549,0.7599908712360772,0.6194958599203638,1.071297653958944
JCI,264,Industrials,56.1,1.6472792066614628,0.6036646571781675,0.20058977391999733,0.38566715542521984
JPM,265,Financials,153.26,0.5669451707161344,0.5158119087819869,0.16047181913599787,0.7448069403714563
JNPR,266,Information Technology,23.75,0.5872401917427642,0.502569398913445,0.1595388434433467,0.36526148582600193
KSU,267,Industrials,218.81,0.627830233796024,1.1059110680460384,0.42357096446362225,1.6100073313782988
K,268,Consumer Staples,58.61,0.36230370869761586,0.4789912715865289,0.5243323392699465,0.29996334310850437
KEY,269,Financials,21.54,0.5782201823975953,0.4195614712008773,0.11102410742548689,0.5836021505376343
KEYS,270,Information Technology,143.64,1.1017565581401045,0.9754238976340641,0.7529113839694783,1.285557184750733
KMB,271,Consumer Staples,130.81,0.35779370402503136,0.5691049363017289,4.756310081135564,0.47749266862170076
KIM,272,Real Estate,19.15,0.19994354048457638,0.6243358920949158,0.13994635389767254,1.5916422287390026
KMI,273,Energy,15.72,5.908106121085602,0.2948880856092386,0.10449327757692885,0.6203323558162267
KLAC,274,Information Technology,328.43,1.060414848641414,0.9373113082563094,1.600986288589374,1.730400782013685
KHC,275,Consumer Staples,37.6,2.436530024363738,0.3443052565820902,0.08583376372390583,0.3591397849462365
KR,276,Consumer Staples,32.75,0.16405141996525863,0.2167249785802838,0.23324392316278758,0.04081133919843597
LB,277,Consumer Discretionary,51.65,0.0346706609204928,0.2625892810518193,0.0,0.2509897360703812
LHX,278,Industrials,191.38,0.8422433726051421,1.0322697936551222,0.17446645452576512,0.4632086999022482
LH,279,Health Care,244.5,0.7328757592949697,0.5099981239616515,0.2696299751761825,0.3489369501466275
LRCX,280,Information Technology,596.9,0.556421826480104,1.3639785164598188,1.4479782749945853,1.505938416422287
LW,281,Consumer Staples,83.59,0.7775999722980987,0.9331124636638448,2.791463272412242,0.7060361681329422
LVS,282,Consumer Discretionary,64.81,0.4903064107590919,0.0,1.3061659697116106,2.7976173020527857
LEG,283,Consumer Discretionary,44.47,0.7883112333954867,0.3594856947240773,0.42263798877097114,0.28771994134897355
LDOS,284,Information Technology,90.38,0.39969916410779505,0.3478581250834063,0.3218766139646469,0.22242179863147604
LEN,285,Consumer Discretionary,86.25,0.20614479690937995,0.20929625353207737,0.1390133782050214,0.24282746823069398
LLY,286,Health Care,204.52,0.5652539189639151,1.17922935439138,3.1338653516152144,1.5508308895405667
LNC,287,Financials,59.4,0.46321506324669237,0.6986231425769803,0.04664878463255752,0.1367179863147605
LIN,288,Materials,254.61,1.4676306872035163,1.1643719042949672,0.25656831547906633,1.012121212121212
LYV,289,Communication Services,90.49,0.4903064107590919,0.0,7.263215767289205,0.8611192570869989
LKQ,290,Consumer Discretionary,39.98,0.5007984355182293,0.37886497745852893,0.20991953084650883,0.21425953079178883
LMT,291,Industrials,346.53,0.36343120986576194,0.4906188412271998,1.4936940839344919,0.30404447702834797
L,292,Financials,50.38,,0.41471665051726436,0.06624127417823167,0.2305840664711632
LOW,293,Consumer Discretionary,162.31,0.43145711367724376,0.392430475372645,2.7961281508754974,0.29384164222873893
LUMN,294,Communication Services,12.45,0.23865441392425937,0.14469864441723868,0.09329756926511504,0.1326368523949169
LYB,295,Materials,107.33,1.1934599864826545,0.8313712293079738,0.4562251137064125,0.36934261974584554
MTB,296,Financials,162.13,0.4744900749281535,0.664386409746116,0.1203538643519984,0.677468230694037
MRO,297,Energy,11.84,,4.1252033180735985,0.08023590956799893,0.5489125122189638
MPC,298,Energy,56.65,0.4903064107590919,0.0,0.11662196158139379,0.09998778103616812
MKTX,299,Financials,545.46,1.7256405378476172,3.0519140426305538,2.152374922946204,6.16047165200391
MAR,300,Consumer Discretionary,157.5,,0.9395722245753287,11.071622544691202,0.9937561094819158
MMC,301,Financials,119.02,0.5661935032707035,0.6475910313762578,0.6092331273012012,0.7203201368523948
MLM,302,Materials,347.57,0.7586203693009724,1.0978363669066835,0.3507988604368325,0.9366202346041054
MAS,303,Industrials,53.81,0.26477485765297754,0.5461727850659611,3.078819785748796,0.4040322580645161
MA,304,Information Technology,367.32,1.08183737083619,1.667910267345135,5.834829981840294,4.927969208211143
MKC,305,Consumer Staples,84.8,0.7830495612774716,0.903397563471019,0.5355280475817603,0.830510752688172
MXIM,306,Information Technology,96.75,0.9136517799210623,1.154036286836593,1.2557852823084485,2.2711510263929617
MCD,307,Consumer Discretionary,213.27,0.0346706609204928,1.207329314356335,0.0,1.699792277614858
MCK,308,Health Care,181.29,0.0346706609204928,0.19928362411927736,0.0,0.02652737047898338
MDT,309,Health Care,118.74,0.8516392156730264,1.090407641858477,0.2966862702630658,1.1753665689149557
MRK,310,Health Care,74.57,0.3891758198717647,0.9185780016130062,0.6008363460673408,0.8060239491691104
MET,311,Financials,59.56,0.203138127127657,0.15374230969331606,0.06810722556353398,0.16324535679374388
MTD,312,Health Care,1127.6,0.8490083796140188,1.3872336557411609,8.73545141029272,1.8079423264907133
MGM,313,Consumer Discretionary,38.63,0.4903064107590919,0.0,0.1520750379021375,0.7570503421309872
MCHP,314,Information Technology,157.25,2.592125185567901,0.764512703874116,0.7454475784282691,1.59980449657869
MU,315,Information Technology,92.52,0.4903064107590919,0.0,0.24164070439664792,0.9692693059628542
MSFT,316,Information Technology,234.55,0.9418393091247149,1.1491914661529803,1.2679139663129133,2.389503910068426
MAA,317,Real Estate,140.51,1.2002249934915312,1.023549116424619,0.24537260716725254,1.9569037145650046
MHK,318,Consumer Discretionary,182.98,0.9219201218208004,0.30231681065744503,0.14927611082418407,0.2795576735092864
TAP,319,Consumer Staples,47.01,,0.25709848427705795,0.07557103110474318,0.21630009775171063
MDLZ,320,Consumer Staples,54.33,0.41172584323468686,0.8129609107102449,0.2603002182496709,0.6019672531769306
MNST,321,Consumer Staples,88.24,0.7435870203923578,1.332325687993548,0.9385735468070573,2.18952834799609
MCO,322,Financials,278.55,0.6770644514717374,0.9121182407015223,2.892224647218566,2.003836754643206
MS,323,Financials,79.88,0.4903064107590919,0.0,0.13061659697116104,0.5489125122189638
MOS,324,Materials,32.12,,0.7877678431554578,0.13061659697116104,0.28771994134897355
MSI,325,Information Technology,181.08,0.0346706609204928,0.701207046941574,0.0,0.8692815249266861
MSCI,326,Financials,417.23,0.0346706609204928,1.4983415434186833,0.0,4.2545821114369495
NDAQ,327,Financials,141.99,0.627830233796024,0.7758172854692126,0.36106159305599517,0.859078690127077
NTAP,328,Information Technology,71.57,0.44104087360648564,0.4993395184577031,4.006197624244039,0.5999266862170087
NFLX,329,Communication Services,553.41,1.7076005191572796,4.208534233831741,2.066541159222298,2.0507697947214076
NWL,330,Consumer Discretionary,24.39,,0.28132258769512253,0.2575012911717175,0.22446236559139784
NEM,331,Materials,57.08,0.430705446231813,0.4628418693078192,0.18193026006697433,0.8162267839687193
NWSA,332,Communication Services,23.81,,0.6249818681860644,0.1446112323609283,0.32853128054740954
NWS,333,Communication Services,23.24,,0.6101244180896515,0.1408793295903237,0.32036901270772233
NEE,334,Utilities,73.76,0.9318797154727577,3.7947865474511984,0.3004181730336704,1.6467375366568913
NLSN,335,Industrials,24.32,,0.2677570897810063,0.3647934958265998,0.28159824046920817
NKE,336,Consumer Discretionary,135.65,1.4565435923834131,1.9401891897641799,1.8734151908435097,1.1549608993157379
NI,337,Utilities,22.18,,0.5962359321299611,0.1390133782050214,0.3713831867057673
NSC,338,Industrials,261.78,0.6259510651824473,0.8762665676427868,0.41610715892241307,1.4018695014662754
NTRS,339,Financials,100.27,0.4352154509043974,0.3772500372306579,0.16793562467720707,0.6795087976539589
NOC,340,Industrials,301.73,0.33261284460310164,0.5287314306049546,0.44409642970194757,0.2795576735092864
NLOK,341,Information Technology,20.55,0.0346706609204928,0.0,0.0,1.0304863147605081
NCLH,342,Consumer Discretionary,31.27,0.4903064107590919,0.0,0.1968578711493927,0.4999389051808406
NOV,343,Energy,15.87,,0.20219051652944509,0.1035603018842777,0.20405669599217982
NRG,344,Utilities,38.42,0.04603963103263272,0.18830203056975478,0.4524932109358079,0.21221896383186703
NUE,345,Materials,63.03,1.1173536576327923,0.4951406738652385,0.16606967329190475,0.19385386119257084
NVDA,346,Information Technology,579.96,1.7837068480071419,2.773175359300025,2.184096096496343,5.00347018572825
NVR,347,Consumer Discretionary,4699.97,0.38485373206053797,0.6534048161965933,0.5224663878846442,0.4978983382209188
ORLY,348,Consumer Discretionary,455.87,0.47223507259186126,0.5335762512885676,4.394315512386918,0.5958455522971651
OXY,349,Energy,28.16,0.4903064107590919,0.0,0.12315279142995185,0.2571114369501466
ODFL,350,Industrials,217.31,1.0032881227886778,1.2754797919724898,0.7501124568915248,1.3080034213098728
OMC,351,Communication Services,70.88,0.5265430455242321,0.30005589433842567,0.39744764506939,0.2367057673509286
OKE,352,Energy,46.71,0.4903064107590919,0.0,0.3153457841160888,0.4672898338220918
ORCL,353,Information Technology,64.7,0.36850496512241937,0.5413279643823482,2.0684071106076005,1.0651759530791787
OTIS,354,Industrials,64.35,0.0346706609204928,,0.0,
PCAR,355,Industrials,94.28,0.4737384074827228,0.5422969285190707,0.29388734318511234,0.3570992179863147
PKG,356,Materials,133.43,0.708258650457113,0.5729807928486191,0.3685253985972044,0.38566715542521984
PH,357,Industrials,297.07,0.5085030268338944,0.4957866499563869,0.5019409226463188,0.5836021505376343
PAYX,358,Information Technology,93.36,0.5987031202855829,0.9166400733395609,1.0869166819385903,1.7324413489736068
PAYC,359,Information Technology,386.97,2.955932229156378,5.4730324322547075,3.17958116055512,5.470760019550341
PYPL,360,Information Technology,266.07,1.412383129964357,1.997035085785238,1.4498442263798876,3.0037145650048873
PNR,361,Industrials,57.15,0.5041809390226676,0.6039876452237417,0.42077203738566876,0.64685972629521
PBCT,362,Financials,19.14,0.4231887717775056,0.3016708345662967,0.09702947203571964,0.7162390029325512
PEP,363,Consumer Staples,132.09,0.6548902618315307,0.9179320255218578,1.253919330923146,0.5325879765395893
PKI,364,Health Care,128.78,0.7806066420798216,0.8546263685893158,0.41610715892241307,0.7794965786901269
PRGO,365,Health Care,41.66,,0.39566035582838693,0.09143161787981273,0.22854349951124145
PFE,366,Health Care,33.75,0.39387374140570686,0.5933290397197933,0.266831048098229,0.8141862170087976
PM,367,Consumer Staples,87.56,0.0346706609204928,0.4783452954953805,0.0,0.9692693059628542
PSX,368,Energy,87.25,0.4903064107590919,0.0,0.1595388434433467,0.12243401759530789
PNW,369,Utilities,73.06,0.4903064107590919,0.0,0.12875064558585875,0.47953323558162264
PXD,370,Energy,150.06,2.764632864294255,1.8129318998079478,0.19779084684204387,0.6713465298142717
PNC,371,Financials,178.48,0.24410400290363224,0.43409593325171597,0.13248254835646334,0.981512707722385
POOL,372,Consumer Discretionary,328.39,0.8183779312127162,1.0287169251538062,2.0870666244606233,0.6958333333333333
PPG,373,Materials,136.89,0.5780322655362377,0.5758876852587869,0.5196674608066908,0.47953323558162264
PPL,374,Utilities,27.49,0.4903064107590919,0.0,0.14367825666827716,0.5672776148582599
PFG,375,Financials,60.45,0.22531231676786379,0.14889748900970318,0.09236459357246388,0.2305840664711632
PG,376,Consumer Staples,127.66,0.6280181506573818,0.6630944575638191,0.6045682488379455,0.9223362658846528
PGR,377,Financials,87.74,0.2424127511514131,0.2664651375987096,0.2649650967129267,0.3366935483870967
PLD,378,Real Estate,103.24,0.9604430783991257,1.48962086618818,0.19592489545674158,3.5750733137829904
PRU,379,Financials,89.91,,0.06944242979845158,0.04944771171051097,0.1305962854349951
PEG,380,Utilities,56.05,0.2794323728388769,2.941775119089754,0.16606967329190475,0.5999266862170087
PSA,381,Real Estate,242.61,0.7035607289231709,0.8300792771256771,0.4674208220182263,3.0077956989247308
PHM,382,Consumer Discretionary,46.92,0.16987684266734682,0.2364272493603096,0.17726538160371855,0.2346652003910068
PVH,383,Consumer Discretionary,102.29,,0.32654091407550956,0.14554420805357945,0.19793499511241444
QRVO,384,Information Technology,179.15,1.37968559608812,0.697977166485832,0.42077203738566876,1.1447580645161288
PWR,385,Industrials,81.13,0.5626230829049076,0.3007018704295741,0.25283641270846174,0.21221896383186703
QCOM,386,Information Technology,141.1,0.7108894865161206,0.6033416691325934,2.0264232044382986,1.2406647116324534
DGX,387,Health Care,115.74,0.34914952840257785,0.36852936000015474,0.22578011762157837,0.3407746823069403
RL,388,Consumer Discretionary,119.88,,1.4602289540409286,0.304150075804275,0.4183162267839686
RJF,389,Financials,122.65,0.37414247096314995,0.10464812676603868,0.21178548223181112,0.4183162267839686
RTX,390,Industrials,77.67,,1.3416923413151995,0.14927611082418407,0.3346529814271749
O,391,Real Estate,62.37,0.4903064107590919,0.0,0.19405894407143928,2.6180474095796673
REG,392,Real Estate,56.3,4.069151715839301,1.021934176196748,0.14647718374623062,1.914051808406647
REGN,393,Health Care,458.6,0.2809357077297384,0.8510735000879998,0.4151741832297619,1.2712732160312805
RF,394,Financials,22.21,1.0179456379745773,0.26097434082394827,0.11102410742548689,0.6550219941348973
RSG,395,Industrials,89.59,0.5276705466923782,0.701530034987148,0.3181447111940423,0.5774804496578689
RMD,396,Health Care,200.97,0.7884991502568444,1.202161505627148,0.9525681821968246,1.9364980449657867
RHI,397,Industrials,82.15,0.5695760067751419,0.5338992393341417,0.719324259034037,0.3713831867057673
ROK,398,Industrials,247.04,0.7597478704691186,0.8123149346190964,1.4293187611415623,0.9468230694037144
ROL,399,Industrials,35.46,1.6658829759358738,1.4757323802284896,1.7437315695650002,1.6467375366568913
ROP,400,Industrials,378.82,1.083528622588409,0.9418331408943481,0.3647934958265998,1.4773704789833821
ROST,401,Consumer Discretionary,123.61,2.7651966148783282,0.6960392382123869,1.3612115355780283,0.7080767350928641
RCL,402,Consumer Discretionary,96.66,0.4903064107590919,0.0,0.23231094747013645,0.881524926686217
SPGI,403,Financials,331.79,0.8014654136905246,0.7431954928662191,13.06539159988671,2.2038123167155423
CRM,404,Information Technology,240.47,1.1799299724649013,1.9198409428930057,0.508471752494877,2.1915689149560116
SBAC,405,Real Estate,250.51,0.0346706609204928,0.9105033004736514,0.0,2.81394183773216
SLB,406,Energy,29.41,,0.7222012699038965,0.30601602718957727,0.3530180840664711
STX,407,Information Technology,74.34,0.36380704358847726,0.5991428245401288,1.681222198157373,0.3877077223851417
SEE,408,Materials,43.21,0.3500891127093663,0.42537525602121273,25.530879829398728,0.2795576735092864
SRE,409,Utilities,122.57,0.4903064107590919,0.0,0.13248254835646334,0.6631842619745845
NOW,410,Information Technology,551.83,17.87897394015418,2.639458308432309,3.5574363160788365,5.019794721407624
SHW,411,Materials,682.03,0.7281778377610276,0.6947472860300902,1.3733402195824933,0.697873900293255
SPG,412,Real Estate,119.0,0.816122928876424,0.6785978837513804,1.7651900104959766,1.6263318670576732
SWKS,413,Information Technology,190.36,0.5643143346571268,1.1562972031556125,0.663345717474968,1.650818670576735
SLG,414,Real Estate,71.26,0.54214014501692,0.5232406338301934,0.08303483664595238,1.0672165200391006
SNA,415,Industrials,206.82,0.33975368533469363,0.3875856546890321,0.27149592656148475,0.6448191593352883
SO,416,Utilities,58.38,0.4903064107590919,0.0,0.17539943021841625,1.1937316715542519
LUV,417,Industrials,59.29,0.4903064107590919,0.0,0.36759242290455324,0.7284824046920819
SWK,418,Industrials,174.98,0.4260075246978709,0.5200107533744515,0.2612331939423221,0.3815860215053763
SBUX,419,Consumer Discretionary,104.38,0.0346706609204928,20.594686749947297,0.0,1.0835410557184748
STT,420,Financials,76.82,0.2927744699952725,1.6042816223670189,0.09889542342102194,0.4632086999022482
STE,421,Health Care,173.11,0.6468098367931503,1.0012629412799996,0.3554637389000883,0.991715542521994
SYK,422,Health Care,248.82,1.1132194866829233,1.0955754505876643,0.6670776202455725,1.3406524926686216
SIVB,423,Financials,540.13,0.6573331810291805,0.6485599955129804,0.32747446812055375,1.407991202346041
SYF,424,Financials,40.22,0.332988678325817,0.10238721044701932,0.17260050314046282,0.29588220918866076
SNPS,425,Information Technology,260.68,1.3644643303181474,1.574566722174193,0.7557103110474317,2.169122678396872
SYY,426,Consumer Staples,80.98,,0.9980330608242577,2.70096463022508,0.18365102639296185
TMUS,427,Communication Services,119.38,0.4903064107590919,0.0,0.21458440930976455,0.414235092864125
TROW,428,Financials,166.23,0.31175407299239866,0.7283380427698062,0.459024040784366,1.265151515151515
TTWO,429,Communication Services,186.99,1.3015121817633233,0.7506242179144255,0.6362894223880846,1.334530791788856
TPR,430,Consumer Discretionary,41.69,,0.7922896757934965,0.37412325275311126,0.5101417399804495
TGT,431,Consumer Discretionary,187.08,0.4656579824443423,0.4137476863805418,0.6558819119337587,0.21834066471163244
TEL,432,Information Technology,130.72,,0.8178057313938578,0.409576329073855,0.7080767350928641
FTI,433,Energy,7.59,,0.3132984042069676,0.07557103110474318,0.05305474095796676
TDY,434,Industrials,390.82,1.029972317101469,1.001585929325574,0.44409642970194757,0.9774315738025414
TFX,435,Health Care,400.39,0.9683355865761485,1.9976810618763865,0.5373939989670625,1.538587487781036
TER,436,Information Technology,134.19,0.7806066420798216,1.2370442145491607,1.043066824383986,1.6059261974584553
TSLA,437,Consumer Discretionary,742.02,22.27453724417178,9.316267186542035,2.880095963214101,5.097336265884652
TXN,438,Information Technology,179.39,0.5646901683798421,0.9838215868189932,1.6746913683088147,2.360935972629521
TXT,439,Industrials,53.48,3.140654503870982,0.5539244981597417,0.198723822534695,0.21425953079178883
TMO,440,Health Care,456.66,0.8837729989651905,1.0322697936551222,0.5308631691185046,1.1549608993157379
TJX,441,Consumer Discretionary,69.86,2.1879160167875216,0.4735004748117676,1.4059943688252836,0.5183040078201367
TSCO,442,Consumer Discretionary,161.08,0.4744900749281535,0.5542474862053159,0.9077853489495693,0.3632209188660801
TT,443,Industrials,155.35,0.829277109171462,0.9463549735323867,0.5383269746597137,0.6182917888563049
TDG,444,Industrials,609.15,0.0346706609204928,1.1776144141635092,0.0,1.4855327468230692
TRV,445,Financials,150.96,0.2702244466323504,0.19379282734451606,0.12128684004464955,0.24486803519061578
TRMB,446,Information Technology,76.05,1.701399262732476,1.1391788367401803,0.5299301934258533,1.2447458455522968
TFC,447,Financials,60.17,0.5162076181495594,0.7312449351799739,0.10822518034753344,0.6835899315738024
TWTR,448,Communication Services,71.92,,14.225039503178628,0.669876547323526,3.1220674486803515
TYL,449,Information Technology,473.19,2.6152389595148957,2.03417871102627,1.1195708311813803,3.5913978494623655
TSN,450,Consumer Staples,68.87,0.2982240589746454,0.2541915918668902,0.1483431351315329,0.12039345063538609
UDR,451,Real Estate,43.43,4.08061464438212,1.127228279053935,0.35826266597804174,2.105865102639296
ULTA,452,Consumer Discretionary,334.08,1.585266642413427,0.9941572042773674,0.9469703280409176,0.6223729227761484
USB,453,Financials,52.81,0.4681009016419922,0.5455268089748128,0.13994635389767254,0.6448191593352883
UAA,454,Consumer Discretionary,21.89,,6.850899434674218,0.6316245439248287,0.455046432062561
UA,455,Consumer Discretionary,18.3,,5.7275470121671725,0.5280642420405511,0.3754643206256109
UNP,456,Industrials,211.15,0.5036171884385946,0.8039172454341674,0.7799676790563617,1.5018572825024437
UAL,457,Industrials,54.96,0.4903064107590919,0.0,0.21271845792446226,0.19589442815249264
UNH,458,Health Care,332.21,0.4547588044855966,0.5135509924629675,0.4319677456974826,0.253030303030303
UPS,459,Industrials,160.07,0.5590526625391116,0.6453301150572385,2.3007180580777367,0.3366935483870967
URI,460,Industrials,312.52,0.7223524150589393,0.30683864329548377,0.4627559435549706,0.5448313782991201
UHS,461,Health Care,137.94,0.2540635965555895,0.20671234916748382,0.18099728437432316,0.21425953079178883
UNM,462,Financials,27.8,0.13454847273210213,0.382417845959845,0.04851473601785982,0.08774437927663732
VLO,463,Energy,78.16,0.4903064107590919,0.0,0.1483431351315329,0.09998778103616812
VAR,464,Health Care,175.8,1.0938640499630818,1.1979626610346836,0.669876547323526,1.052932551319648
VTR,465,Real Estate,55.92,1.2079295848071963,0.4922337814550708,0.1893940656081835,1.132514662756598
VRSN,466,Information Technology,195.51,0.0346706609204928,1.0749042156709159,0.0,3.6362903225806447
VRSK,467,Industrials,167.53,0.7792912240503178,1.148868478107406,1.0505306299251953,2.063013196480938
VZ,468,"Communication Services
",57.12,0.33749868299840147,0.35205696967587086,0.33120637089115834,0.3754643206256109
VRTX,469,Health Care,217.04,0.39594082688064136,0.6169071670467096,0.6055012245305966,1.8814027370478983
VFC,470,Consumer Discretionary,81.96,,1.1359489562844383,0.9525681821968246,0.7509286412512218
VIAC,471,Communication Services,65.6,0.5603680805686153,0.7315679232255481,0.24723855855255483,0.31832844574780056
VTRS,472,Health Care,15.3,0.5528514061143079,0.15406529773889024,0.05877746863702247,0.14079912023460409
V,473,Information Technology,219.43,0.8520150493957418,1.8633180349175218,1.060793362544358,5.154472140762463
VNT,474,Information Technology,32.42,,,,
VNO,475,Real Estate,44.6,0.4903064107590919,0.0,0.11568898588874264,1.1386363636363634
VMC,476,Materials,174.15,0.9269938770774578,0.9495848539881286,0.3629275444412975,0.9753910068426197
WRB,477,Financials,71.26,0.47148340514643056,0.3149133444348386,0.19592489545674158,0.3387341153470185
WAB,478,Industrials,74.74,0.8213846009944392,0.5613532232079481,0.1315495726638122,0.38362658846529807
WMT,479,Consumer Staples,133.21,0.4575775574059619,0.5035383630501675,0.40211252353264576,0.13875855327468228
WBA,480,Consumer Staples,49.17,,0.27744673114823215,0.1931259683787881,0.061217008797653946
DIS,481,Communication Services,197.51,,4.395544312219198,0.3694583742898555,1.2039345063538611
WM,482,Industrials,111.87,0.8443104580800767,0.7160644970379869,0.6166969328424105,0.6366568914956011
WAT,483,Health Care,279.9,0.0346706609204928,1.0881467255394577,0.0,1.505938416422287
WEC,484,Utilities,81.93,0.508127193111179,13.009958475728512,0.22857904469953186,0.7305229716520039
WFC,485,Financials,38.29,,0.14017681177919994,0.08116888526065008,0.40199169110459426
WELL,486,Real Estate,73.6,0.7129565719910551,0.22996748844882572,0.16980157606250937,1.3590175953079178
WST,487,Health Care,278.92,1.5931591505904497,2.469566596460283,1.1186378554887293,2.0079178885630498
WDC,488,Information Technology,70.53,2.409845830050947,3.147841492166089,0.2052546523832531,0.2673142717497556
WU,489,Information Technology,23.79,0.32866659051459024,0.424083303838916,13.59158989054196,0.41627565982404685
WRK,490,Materials,44.87,,0.23448932108686443,0.10076137480632424,0.1367179863147605
WY,491,Real Estate,35.9,0.9920131111072167,0.8378309902194578,0.29295436749246123,0.7284824046920819
WHR,492,Consumer Discretionary,193.52,0.21384938822504504,0.3149133444348386,0.24164070439664792,0.1285557184750733
WMB,493,Energy,23.91,2.496099669414124,0.4705935824015998,0.18193026006697433,0.7652126099706744
WLTW,494,Financials,225.64,1.0626698509777062,0.6941013099389416,0.2556353397864152,0.6407380254154447
WYNN,495,Consumer Discretionary,134.21,0.0346706609204928,0.0,0.0,1.3937072336265883
XEL,496,Utilities,60.21,0.4903064107590919,0.0,0.2071206037685554,0.5631964809384163
XRX,497,Information Technology,25.32,0.9709664226351561,0.25257665163901927,0.08583376372390583,0.15304252199413487
XLNX,498,Information Technology,133.81,1.3815647647016966,0.9618583997199481,1.1774153241257517,2.226258553274682
XYL,499,Industrials,101.09,3.275202976603084,0.9014596351975739,0.5905736134481782,1.0651759530791787
YUM,500,Consumer Discretionary,104.68,0.0346706609204928,0.9502308300792771,0.0,1.1610826001955032
ZBRA,501,Information Technology,512.69,1.7021509301779065,0.9973870847331093,1.19234293520817,1.2671920821114369
ZBH,502,Health Care,163.69,,1.4398807071697544,0.266831048098229,0.9896749755620721
ZION,503,Financials,56.78,0.7676403786461414,0.4247292799300644,0.11289005881078919,0.6550219941348973
ZTS,504,Health Care,159.05,1.1194207431077268,1.451185288764851,1.8696832880729053,2.3262463343108504
