code,industry,stockratio,initialPE,initialFCF,initialPB,initialPS
MMM,Industrials,94.78082127812918,0.7162444347808079,0.655970927711057,1.1366223426473099,0.9360355442541166
ABT,Health Care,102.63269430883622,1.044653455095152,0.8903549714871657,0.4748784146505352,0.9784343668161497
ABBV,Health Care,94.2311315809876,1.7999942018181438,1.0467378318637577,7.8586377355886405,1.320886395201802
ABMD,Health Care,238.9487398841813,3.3818309829989017,1.9077947978789098,1.3697756437031683,2.4297786775934385
ACN,Information Technology,127.80677587162987,0.648216852001408,0.5243201498757754,1.4400645065214785,0.5348774538594951
ATVI,Communication Services,195.51439199099482,0.6615095980617506,0.43528465272705874,0.3291576014906237,1.0306175330463443
ADBE,Information Technology,125.0442016076752,5.878912426746184,1.251443376590294,0.9274701167001428,2.941825996227223
AMD,Information Technology,108.28108865127415,0.0,0.0,1.8995136586021408,0.12067357190732513
AAP,Consumer Discretionary,95.3350421122249,0.9128988838499926,0.908999156787538,0.9806153544408163,0.38158940305829836
AES,Utilities,72.33461201074411,0.4042558654821809,0.0,0.18000806331518482,0.16307239446935828
AFL,Financials,101.27221445904169,0.31550723737342357,0.1384996622313369,0.21772403848598545,0.3424520283856524
A,Health Care,96.19171931753434,1.0024294381975936,0.8975843494607795,0.4080182768477522,0.8642836906875988
APD,Materials,93.04373009458786,0.9562957901058167,1.2620971967619354,0.5691683525775367,0.7827474934529197
AKAM,Information Technology,84.20747185073655,1.337875794661531,1.2788389141745145,0.6531721154579564,1.894901223733943
ALK,Industrials,137.2441066400162,0.48244848936654855,0.8465982100679247,0.5794545276241188,0.45660270451420315
ALB,Materials,96.04094045678785,1.2635928019713816,0.4276747811758864,0.48859331471264456,0.5740148285321411
ARE,Real Estate,106.06363194252091,2.875924706467043,0.0,0.23315330105585846,2.3710726155844695
ALXN,Health Care,103.84949187600535,2.2191066658383547,2.827447774838089,1.9115141961564865,5.446617975276566
ALGN,Health Care,118.6446788618262,1.2350524942535874,0.8629594339029452,1.0217600546271444,1.973175973079235
ALLE,Industrials,120.51034240741878,1.134184009442753,0.947809501698517,46.62380276114063,0.7860089413423069
LNT,Utilities,98.07568849964477,0.6181126918059265,4.3650223217524635,0.28458417628876836,0.5870606200896898
ALL,Financials,90.69705352570266,0.39096311942183837,0.35576149501730764,0.20229477591611245,0.2576543832615861
GOOGL,Communication Services,147.68990276969717,0.9863999503012982,1.2419310371513286,0.5965981527017554,1.9079470152914917
GOOG,Communication Services,145.22427091629072,0.9813174297488144,1.2316577105572457,0.5914550651784645,1.894901223733943
MO,Consumer Staples,123.99930270083588,0.5446116253546208,0.5988968910772644,4.021894443213558,0.9425584400328909
AMZN,Consumer Discretionary,219.38465604779233,0.0,2.7992912500987512,2.3041032104343655,0.5283545580807208
AEE,Utilities,98.34124422154109,0.6278867697914724,0.0,0.23486766356362213,0.5087858707443979
AAL,Industrials,80.23539363430586,0.5066882027707026,0.0,3.005277476109705,0.28700741426607057
AEP,Utilities,100.44672816431006,0.5704151912364622,2.230072858071059,0.2434394761024404,0.47617139185052615
AXP,Financials,76.34328294975434,0.5938729784017724,0.34396619411299045,0.7148891657374483,0.808839076568017
AIG,Financials,112.99880431497759,0.365159553539997,0.5311690342718305,0.10629047548134722,0.35549781994320107
AMT,Real Estate,100.73536818777072,1.7100726843511211,1.1536565271577293,1.474351756676752,2.795060841204801
AWK,Utilities,115.68760689248647,0.7811443126048331,2.08396332428855,0.2948703513353504,0.9197283048071806
AMP,Financials,82.75833485644925,0.5332736948913875,0.3679372894991834,0.38230283923129726,0.5903220679790769
ABC,Health Care,117.23128047344038,39.720680043900515,0.23019861442296377,1.7280774078257743,0.04892171834080748
AME,Industrials,103.26971679312868,0.8327514443685158,0.724840265249167,0.644600302919138,1.0110488457100213
AMGN,Health Care,104.73333324580831,0.7924822430680664,0.4832268434994446,0.6874593656132296,1.6992143503707133
APH,Information Technology,98.75082586728666,0.8960874697148536,0.9135650797182414,0.9171839416535607,0.9947416062630855
ADI,Information Technology,125.31582904587061,0.8487809322648111,0.7499528413680357,0.48173586468158985,1.5589720911270653
ANSS,Information Technology,113.63440923620476,1.183054399370483,0.8180611917510283,0.5760258026085914,2.6939559566337987
ANTM,Health Care,113.69802467608277,0.5027785715764841,0.4581142673805758,0.21943840099374912,0.14676515502242246
AON,Financials,99.12196617077733,0.742438963782071,0.6495025368925607,0.6411715779036107,0.7240414314439508
AOS,Industrials,138.34011176426876,0.8800579818185582,1.0029810704445166,0.5725970775930641,0.6490281299880459
APA,Energy,72.79417117218469,0.0,0.0,0.12514846306674754,0.6033678595366256
AAPL,Information Technology,97.68521361316093,0.5289731005777473,0.3782106160932661,0.8126078286799773,0.9882187104843111
AMAT,Information Technology,78.0032731199363,0.8800579818185582,0.6019408396977334,0.5331667399144998,0.8838523780239219
APTV,Consumer Discretionary,120.20463594861025,0.4980870141434221,0.4702900618624516,0.946328104285543,0.3620207157219754
ADM,Consumer Staples,72.81058705292823,0.49026775175498527,0.2652040235583566,0.24001075108691308,0.11415067612855079
AJG,Financials,90.50501574764871,0.8112484728003146,0.6692882029256088,0.34630122656826035,0.43377256928849306
AIZ,Financials,120.81158459096066,0.3635957010623097,0.535734957202534,0.1371490006210932,0.13698081135426096
T,Communication Services,109.09781893132768,0.7717611977387089,0.46001673526836895,0.23143893854809477,0.30657610160239357
ATO,Utilities,117.19006614621313,0.6235861754778321,0.0,0.27258363873442276,0.31309899738116787
ADSK,Information Technology,96.6212195043981,4.244686587562899,0.8987258301934553,0.9891871669796346,1.7840119954947795
ADP,Information Technology,104.8628451188797,0.9543409745087075,0.7381575404637185,1.0834771049066363,1.0795392513871518
AZO,Consumer Discretionary,136.666077313062,0.6920047213766539,0.7990365128730974,-1.8960849335866135,0.6588124736562074
AVB,Real Estate,116.86291486447135,1.009075811227765,0.0,0.3360150515216783,3.404951596520201
AVY,Materials,124.67442287689994,0.6939595369737631,0.9158480411835931,0.6857450031054659,0.23156280014648875
BKR,Energy,82.89403495769187,0.3389650245387339,0.35500050786219045,0.13543463811332954,0.1989483212526171
BLL,Materials,108.28120495399398,0.7686334927833343,0.5661744434072233,1.2291979180665478,0.3522363720538139
BAC,Financials,95.95641189421855,1.6483005114824705,0.2096519612347984,0.11829101303569288,0.5772762764215283
BK,Financials,104.03536895302953,0.5164622807562486,0.35538100143974904,0.1765793382996575,0.8186234202361785
BAX,Health Care,99.08981357539224,0.31511627425400174,0.3336928675189078,0.41830445189433424,0.48595573551868765
BDX,Health Care,113.47438417262954,0.8554273052949823,0.9325897585961723,0.8331801787731412,0.9686500231479882
BRK.B,Financials,88.58540136871959,0.7283642914828848,0.8374663642065179,0.13029155059003855,0.6196750989835614
BBY,Consumer Discretionary,107.15688916555241,0.3839257832722453,0.37630814820547304,0.368587939169188,0.08153619723467914
BIO,Health Care,115.85904240972368,1.5454772110745272,0.8762767091174969,0.2742980012421864,0.5250931101913336
BIIB,Health Care,90.9123175504373,0.9871818765401419,1.0638600428538953,1.1640521427715285,2.4950076353811816
BLK,Financials,98.38419145463216,0.6271048435526287,0.6658637607275811,0.317157063936278,1.555710643237678
BA,Industrials,114.89310672476536,0.6005193514319437,0.4786609205687412,1.5669273320959898,0.3033146537130064
BKNG,Consumer Discretionary,112.63938894677146,0.9746710567186431,0.8264320504573178,1.1846244928646925,2.3351966888012106
BWA,Consumer Discretionary,80.05419831864498,0.6857493114659045,1.8297936144793931,0.5280236523912089,0.4500798087354288
BXP,Real Estate,102.88423988904947,1.494652005549688,1.2179599417651357,0.35830176412260595,2.247137595787757
BSX,Health Care,140.1932218401881,2.7265767948479005,0.6609173442193191,0.46630660211171693,0.7860089413423069
BMY,Health Care,120.11996747260206,1.6271885030336912,1.2103500702139631,0.9446137417777793,1.712260141928262
AVGO,Information Technology,145.61528136944463,2.888826489407964,0.9702586227744754,0.9840440794563438,1.4480828628879017
BR,Information Technology,119.80591782293138,0.7776256445300366,0.579491718621775,0.8691817914361781,0.6392437863198844
BF.B,Consumer Staples,116.94737320435623,1.0602919798720256,1.7464655209940558,1.472637394168988,1.934038598406589
CHRW,Industrials,85.40203262413402,0.8335333706073594,0.7434844505495392,1.560069882064935,0.23156280014648875
COG,Energy,60.36874942475756,4.528134849143732,0.0,0.9188983041613245,1.7448746208221335
CDNS,Information Technology,110.50622097983704,1.4262334596508663,0.799417006450656,0.711460440721921,1.1969513754050898
CPB,Consumer Staples,118.92557553694422,0.5242815431446852,0.6224874928858988,1.2446271806364206,0.4598641524035903
COF,Financials,89.75201640814399,0.3800161520780269,0.18225642365057793,0.15600698820649353,0.5772762764215283
CAH,Health Care,113.38090332219208,0.8245412188606571,0.3820155518688523,0.6308854028570288,0.08153619723467914
KMX,Consumer Discretionary,101.30109858124365,0.8910049491623696,0.0,0.6480290279346653,0.3000532058236193
CCL,Consumer Discretionary,117.90343465353894,0.9261916299103352,1.254487325210763,0.20743786343940346,0.6001064116472385
CAT,Industrials,77.58102988657215,0.503169534695906,0.32380003450238376,0.46630660211171693,0.2837459663766834
CBOE,Financials,104.53355967889225,1.0696750947381497,0.9245993934674414,3.4870133407912944,2.7396162270852193
CBRE,Real Estate,101.70595713673319,0.9234548880743823,0.8876915164442553,0.8503238038507778,0.41094243406278286
CDW,Information Technology,121.34102468505672,0.907034437058665,0.5699793791828095,1.0389036797047808,0.15328805080119678
CE,Materials,115.14242650594623,0.5191990225922013,1.1087582850058124,0.4508773395418439,0.3978966425052342
CNC,Health Care,127.70419749844122,0.9023428796256029,0.21231541627770875,0.6051699652405736,0.1239350197967123
CNP,Utilities,83.06249657588113,0.5023876084570623,11.987830654561813,0.2948703513353504,0.27722307059790907
CERN,Health Care,93.73721170213636,1.65455592139322,2.1551156232920112,1.044046767228072,2.1329869196592064
CF,Materials,77.01439453497574,0.3307547990308753,0.0,0.40630391433998864,0.7957932850104684
SCHW,Financials,110.69781299609527,1.1447400136671428,0.7217963166286979,0.5348811024222635,1.989483212526171
CHTR,Communication Services,110.69887117501392,0.0,4.5016195160960075,19.812887502224676,0.5805377243109154
CVX,Energy,84.40213417465172,0.3291909465531879,0.0,0.1765793382996575,0.2511314874828118
CMG,Consumer Discretionary,70.61674252370568,1.893825350479385,1.9108387464993786,1.8086524456906667,1.712260141928262
CB,Financials,105.00322167837146,0.46798285394794054,0.2884141317894323,0.1920086008695305,0.5805377243109154
CHD,Consumer Staples,110.2271506006002,0.9398753390900995,0.8058853972691525,0.7868923910635222,0.984957262594924
CI,Health Care,143.28441908168068,0.5137255389202956,0.623248480041016,0.42344753941762525,0.2576543832615861
CINF,Financials,119.8729851086207,0.5266273218612163,0.3135267079083011,0.18343678833071217,0.46964849607175185
CTAS,Industrials,127.56764739901027,0.7314919964382597,0.634282793790216,0.6223135903182103,0.6359823384304972
CSCO,Information Technology,122.43994627112083,0.5332736948913875,0.36184939225824553,0.31029961390522337,0.7240414314439508
C,Financials,96.62457656486774,0.7760617920523493,0.12746534848213698,0.11829101303569288,0.5250931101913336
CTXS,Information Technology,119.45322579944437,1.3108993394214241,0.47523647837071364,0.6291710403492651,0.8903752738026962
CLX,Consumer Staples,125.93053390469855,0.878103166221449,0.6380877295658021,7.107746957188155,0.6881655046606919
CME,Financials,108.45998953550276,0.820240624547017,0.7758264046420218,0.1937229633772941,2.4754389480448586
CMS,Utilities,108.11984192767645,0.6497807044790954,0.0,0.368587939169188,0.35875926783258827
KO,Consumer Staples,105.87522410279968,0.8530815265784514,0.6966837405098292,0.8503238038507778,1.0958464908340877
CTSH,Information Technology,114.82268942031556,0.8362701124433123,0.929926303553262,0.6788875530744113,0.9784343668161497
CL,Consumer Staples,99.15322539584918,0.991482470853782,0.8207246467939386,6.716872305418039,1.0469247724932802
CMCSA,Communication Services,99.68563644671715,0.6333602534633781,0.5448668030639408,0.4251619019253889,0.6457666820986587
CMA,Financials,91.64762090477613,0.48714004679961065,0.48550980496479634,0.16286443823754818,0.9132054090284063
CAG,Consumer Staples,115.79438249527045,1.0430896026174648,0.3413027390700802,0.317157063936278,0.2478700395934246
COP,Energy,71.5071811495056,0.4062106810792901,2.500984285292795,0.23143893854809477,0.42072677773094436
ED,Utilities,102.16095955244755,0.5508670352653703,1.9241560217139304,0.1920086008695305,0.3881122988370727
STZ,Consumer Staples,147.67553250284416,0.8984332484313846,2.832394191346351,0.5280236523912089,1.0958464908340877
COO,Health Care,93.67939777378716,1.1588146859663289,1.4063042626566515,0.5211662023601542,1.5198347164544193
CPRT,Industrials,109.10989939476843,0.9015609533867592,0.9150870540284759,0.6977455406598116,1.2197815106308
GLW,Information Technology,82.29879851436073,0.4445250667826302,0.2941215354528116,0.19886605090058512,0.9099439611390192
COST,Consumer Staples,119.50184288699045,0.9801445403905488,0.9249798870449999,0.7251753407840303,0.15328805080119678
CCI,Real Estate,115.17874795336749,2.3649359093827003,0.947809501698517,0.5348811024222635,1.930777150517202
CSX,Industrials,73.79880453316538,0.6638553767782815,1.3066149453362936,0.4988794897592265,0.8447150033512758
CMI,Industrials,63.278600449951306,0.5199809488310451,0.5490522324170855,0.46116351458842586,0.37180505939013686
CVS,Health Care,103.65966710637599,0.812812325278002,0.6091702176713472,0.42344753941762525,0.2250399043677144
DHI,Consumer Discretionary,128.7698068238567,0.5966097202377254,0.0,0.27944108876547735,0.32614478893871657
DHR,Health Care,109.83187300740218,0.6763661965997804,0.5205152141001892,0.32401451396733266,0.7436101187802737
DRI,Consumer Discretionary,114.93594872525381,1.5759723343894305,1.0741333694479782,0.4354480769719709,0.28700741426607057
DVA,Health Care,92.71537518311985,0.8867043548487294,0.7560407386089737,0.5228805648679178,0.4174653298415572
DE,Industrials,94.44952437744651,0.338574061419312,0.29145808040990123,0.48859331471264456,0.2478700395934246
DAL,Industrials,104.80663278601207,2.3086372201859553,0.5151883040143685,0.711460440721921,0.3000532058236193
XRAY,Health Care,115.68027523517456,0.8968693959536973,0.6084092305162299,0.5314523774067361,0.8251463160149528
DVN,Energy,53.79145517416985,0.5426568097575117,0.0,0.14400645065214784,0.34571347627503957
DXCM,Health Care,149.86787746736462,0.0,21.286713196516875,5.203090211062723,5.202009383572529
FANG,Energy,112.72977378533405,0.6306235116274252,0.0,0.28115545127324104,1.966653077300461
DLR,Real Estate,120.98924191276363,2.106900250564287,0.40104023074678313,0.3137283389207507,1.418729831883417
DFS,Financials,84.07277351998125,0.4550810710070199,0.27281389510952897,0.3943033767856429,0.9001596174708576
DISCA,Communication Services,78.01508340347526,0.5301459899360128,0.7518553092558289,0.46287787709618955,1.2393501979671229
DISCK,Communication Services,75.34240764221761,0.7917003168292227,0.7358745789983668,0.4525917020496076,1.2132586148520257
DISH,Communication Services,79.02384899131198,1.4039485618438214,0.9329702521737309,2.8681284754886116,0.750133014559048
DG,Consumer Discretionary,109.9195604996269,0.689658942660123,0.5882430709056232,0.5725970775930641,0.32288334104932936
DLTR,Consumer Discretionary,108.91793400391454,0.8108575096808928,0.9641707255335376,1.3474889311022407,0.4957400791868492
D,Utilities,91.92312562843986,1.0454353813339958,0.0,0.5023082147747538,0.9164668569177935
DPZ,Consumer Discretionary,120.38551546800711,1.2135495226853863,1.4637587928680027,-0.6926024531365207,0.8284077639043401
DOV,Industrials,88.20284301818366,0.43240521008055327,0.40941108945307275,0.384017201739061,0.3620207157219754
DTE,Utilities,96.98382445605395,0.5414839203992461,0.0,0.2571543761645497,0.3326676847174909
DUK,Utilities,89.89665276960338,0.9383114866124121,1.4287533837326098,0.18857987585400315,0.6522895778774331
DRE,Real Estate,109.58711464981492,1.0356613033484499,0.646078094694533,0.3308719639983873,1.7024757982601004
EMN,Materials,91.7279224157831,0.5051243502930152,0.431099223373914,0.4543060645573712,0.3326676847174909
ETN,Industrials,79.84210663771456,0.5739338593112587,0.8058853972691525,0.28115545127324104,0.38158940305829836
EBAY,Consumer Discretionary,125.40237765539182,0.0,0.20013962179583297,0.2262958510248038,0.6881655046606919
ECL,Materials,111.5549402619482,0.9727162411215339,1.1019094006097572,0.680601915582175,0.6816426088819175
EIX,Utilities,93.74248146554274,0.42458594769211644,0.0,0.2297245760403311,0.4272496735097187
EW,Health Care,124.9346323308527,0.6622915243005942,0.5578035847009337,0.5365954649300271,1.934038598406589
EA,Communication Services,147.25172137863055,0.6951324263320287,0.5399203865556786,0.9291844792079064,1.1023693866128619
EMR,Industrials,80.86673386998534,0.6325783272245344,0.4588752545356931,0.6257423153337377,0.6522895778774331
ENPH,Information Technology,24.743256986639274,0.0,2.1254371242424392,2.2835308603412017,0.6001064116472385
ETR,Utilities,82.42793897662064,0.5086430183678117,0.2617795813603291,0.2057235009316398,0.3196218931599422
EOG,Energy,78.04626354547824,0.6263229173137851,1.8301741080569518,0.4525917020496076,0.8447150033512758
EFX,Industrials,140.3118897671235,0.9903095814955165,0.6673857350378156,0.6891737281209932,1.2491345416352844
EQIX,Real Estate,143.42675690602735,0.0,30.899122446380236,0.8211796412187955,1.3665466656532226
EQR,Real Estate,117.76495975040228,1.1521683129361577,1.1186511180223364,0.296584713843114,2.400425646588954
ESS,Real Estate,119.74585147406538,3.1898680913627793,0.0,0.31029961390522337,3.2255719626039068
EL,Consumer Staples,117.83259073973518,0.9559048269863948,0.8321394541206972,1.2103399304811473,0.8284077639043401
EVRG,Utilities,103.60365707895956,0.6310144747468471,0.0,0.2588687386723134,0.6261979947623357
RE,Financials,110.75265098273303,0.2240218674287134,0.2454183575253085,0.15257826319096618,0.39137374672645986
EXC,Utilities,78.39459180945417,0.6259319541943633,0.0,0.18343678833071217,0.30657610160239357
EXPE,Consumer Discretionary,147.8304879224553,1.057164274916651,0.39571332066096254,0.9326132042234339,0.6066293074260128
EXPD,Industrials,103.38629892955416,0.8354881862044686,0.8595349917049177,0.7200322532607393,0.40115809039462136
EXR,Real Estate,156.27032890978379,1.2127675964465425,0.0,0.4954507647436992,2.9026886215545775
XOM,Energy,87.89099122570678,0.3565583649127166,0.928784822820586,0.2760123637499501,0.23482424803587593
FFIV,Information Technology,74.86243043984248,1.151386386697314,0.6780395552094569,1.1983393929268018,1.793796339162941
FB,Communication Services,135.13155132699416,2.7731014060590997,1.4390267103266925,1.028617504658199,5.381389017488823
FAST,Industrials,88.79486246586521,0.9320560767016627,1.4264704222672582,1.054332942274654,1.0338789809357314
FRT,Real Estate,113.14196342100948,1.7968664968627692,0.0,0.7697487659858856,3.545193855763849
FDX,Industrials,90.10366705977381,0.8221954401441262,1.7902222824132967,0.5211662023601542,0.34571347627503957
FIS,Information Technology,99.72049041203846,0.957859642583504,0.7982755257179802,0.42001881440209793,0.8479764512406631
FITB,Financials,101.99082381503668,0.39448178749663493,0.29716548407328053,0.15257826319096618,0.7142570877757892
FE,Utilities,85.43677255177751,1.6733221511254681,0.0,0.17486497579189383,0.2739616227085219
FRC,Financials,128.97456551731307,0.6317964009856908,0.5593255590111682,0.24686820111796776,1.2589188853034459
FISV,Information Technology,129.80074351160198,0.931274150462819,0.6723321515460777,0.8880397790215784,1.1610754486218309
FLT,Information Technology,96.82002673040192,1.3746263278871835,0.8465982100679247,0.8931828665448694,3.48648779375488
FLIR,Information Technology,88.78602238381413,0.8264960344577663,0.9135650797182414,0.44059116449526187,0.906682513249632
FLS,Industrials,71.92967532601871,0.5559495558178542,0.6065067626284368,0.6360284903803197,0.4957400791868492
FMC,Materials,70.16422393455109,0.897651322192541,1.4017383397259482,0.768034403478122,0.6653353694349818
F,Consumer Discretionary,95.22779073835117,0.5684603756393529,0.24237440890483955,0.3137283389207507,0.1043663324603893
FTNT,Information Technology,102.41100542768471,7.991286160982376,1.201598717930115,1.294343693361567,2.1916929816681754
FBHS,Industrials,124.90610161630511,1.7472141806961956,1.9070338107237925,0.5040225772825175,0.5707533806427539
BEN,Financials,67.98697657075758,0.4480437348574268,0.4364261334597347,0.3771597517080063,1.0338789809357314
FCX,Materials,30.09216827467103,0.0,0.0,0.17486497579189383,0.375066507279524
GPS,Consumer Discretionary,74.14710402414177,0.4390515831107245,0.4162599738491279,0.8040360161411589,0.2837459663766834
GRMN,Consumer Discretionary,74.4792430520262,0.8886591704458386,0.6978252212425051,0.4114470018632796,0.9392969921435037
IT,Information Technology,108.49896561727593,1.6299252448696442,0.942863085190255,7.839779748003239,1.2360887500777358
GD,Industrials,102.50985078484653,0.6325783272245344,0.4725730233278033,0.5794545276241188,0.4370340171778802
GE,Industrials,128.4494178394297,0.5512579983847921,0.34929310419881116,0.2691549137188954,0.6001064116472385
GIS,Consumer Staples,113.76415784245526,0.6900499057795447,0.6057457754733195,0.7097460782141572,0.4957400791868492
GM,Consumer Discretionary,102.17701925306977,0.6662011554948125,0.0,0.21258095096269444,0.09784343668161496
GPC,Consumer Discretionary,83.47354889979117,0.7561226729618354,0.7575627129192081,0.70631735319863,0.2935303100448449
GILD,Health Care,109.42536589749893,0.41989439025905445,0.405225660099928,1.2874862433305123,1.718783037707036
GL,Financials,107.05456102611797,0.49144064111325086,0.30439486204689425,0.24001075108691308,0.6196750989835614
GPN,Information Technology,165.39976186572812,0.0,1.1403392519431776,0.9634717293631797,0.9621271273692139
GS,Financials,94.90656880318222,0.40386490236275907,0.0,0.1577213507142572,0.7925318371210813
GWW,Industrials,81.67914546241035,0.7662877140668033,0.9862393530319374,0.7903211160790496,0.5087858707443979
HAL,Energy,88.6965435241438,0.3334915408668281,1.017439826391744,0.31201397641298706,0.29679175793423207
HBI,Consumer Discretionary,107.37961587675136,0.9281464455074443,0.80930983946718,1.1640521427715285,0.5870606200896898
HIG,Financials,106.89554358336466,0.8229773663829698,0.36337136656848007,0.14229208814438418,0.29679175793423207
HAS,Consumer Discretionary,126.64431441053856,0.5618140026091817,0.6746151130114294,0.6771731905666477,0.4631256002929775
HCA,Health Care,92.82984090755679,0.6662011554948125,0.5372569315127683,-0.7903211160790496,0.2837459663766834
PEAK,Real Estate,92.61990314693215,0.5672874862810875,0.758704193651884,0.20915222594716712,2.6646029256293144
HSIC,Health Care,117.04124006540341,0.9801445403905488,0.8701888118765589,0.696031178152048,0.36854361150074966
HSY,Consumer Staples,88.63272681103543,0.9289283717462881,1.6125317816934224,2.2338143476160552,0.8871138259133091
HES,Energy,67.27934952194472,0.34600236068832696,0.3470101427334594,0.14400645065214784,0.6229365468729486
HLT,Consumer Discretionary,83.09928558003718,1.4360075376364123,0.8663838761009728,0.894897229052633,0.7664402540059839
HFC,Energy,110.48502927853276,0.8425255223540618,1.077177318068447,0.1662931632530755,0.09784343668161496
HOLX,Health Care,145.7536049059405,5.808148102130831,0.6544489534008227,0.608598690256101,0.945819887922278
HD,Consumer Discretionary,130.3599184166061,0.7522130417676169,0.6715711643909604,1.892656208571086,0.4631256002929775
HON,Industrials,106.58383256179683,0.6255409910749414,0.64417562680674,0.6428859404113744,0.5479232454170438
HRL,Consumer Staples,128.41130650407683,0.8397887805181089,0.823388101836849,0.6000268777172827,0.453341256624816
HST,Real Estate,67.99093425200509,0.7467395580957114,0.4584947609581345,0.32572887647509635,0.8740680343557604
HPQ,Information Technology,77.29473759326737,0.20251889586051228,0.10577721456129574,0.1577213507142572,0.15002660291180964
HUM,Health Care,125.99774422615721,0.735401627632478,0.7503333349455943,0.36687357666142434,0.14350370713303529
HBAN,Financials,108.20589375441882,0.46211840715661295,0.32950743816576306,0.19029423836176682,0.7957932850104684
HII,Industrials,115.16244013082813,0.5872266053716012,0.3276049702779699,0.6257423153337377,0.23808569592526307
IEX,Industrials,100.79174729407423,0.8124213621585802,0.6829859717177189,0.649743390442429,0.8805909301345348
IDXX,Health Care,99.077731969952,1.6283613923919569,1.5843752569540845,5.120800810690067,1.6698613193662288
ITW,Industrials,100.87012302786138,0.44217928806609924,0.986619846609496,0.7920354785868132,0.7566559103378223
ILMN,Health Care,104.7575789556972,3.044820774057277,2.647093819075304,3.106424864067761,4.820419980514231
INCY,Health Care,149.4289519896558,0.0,0.0,-26.238318181322896,8.160142619246688
INTC,Information Technology,98.4989969710654,0.5137255389202956,0.5711208599154853,0.4457342520185529,0.9099439611390192
ICE,Financials,119.16800811194719,0.9285374086268662,0.7309281624901048,0.317157063936278,2.4689160522660845
IBM,Information Technology,89.23582234632585,0.40386490236275907,0.35043458493148705,1.7435066703956472,0.4402954650672674
IP,Materials,73.33189261120232,1.2530367977469918,0.38962542342002465,0.5743114401008278,0.2511314874828118
IPG,Communication Services,115.4946895541743,0.5860537160133358,0.4961636251364376,0.5537390900076637,0.3098375494917807
IFF,Materials,121.08788598724973,0.689658942660123,0.7309281624901048,0.8108934661722136,0.769701701895371
INTU,Information Technology,112.76238392654219,1.1455219399059864,0.6936397918893603,1.386919268780805,1.8427180575037487
ISRG,Health Care,104.01493833919608,1.8480826655070302,1.3560791104189138,0.9823297169485801,3.055976672355774
IVZ,Financials,87.83673151066644,0.5234996169058416,0.4584947609581345,0.24515383861020407,0.8218848681255657
IPGP,Information Technology,119.88207992020338,0.7686334927833343,1.6380248513898497,0.6428859404113744,1.676384215145003
IQV,Health Care,117.48752131429146,0.8460441904288583,0.8389883385167524,-1.7795082830586844,0.4631256002929775
IRM,Real Estate,74.8454371114745,0.5973916464765691,1.2362236334879493,1.0611903923057087,0.5218316623019466
JKHY,Information Technology,128.40838693694712,0.8999971009090719,0.7644115973152632,0.8691817914361781,1.2947948120867048
J,Industrials,94.55930288317911,0.662682487420016,0.4995880673344652,0.21429531347045813,0.14350370713303529
JBHT,Industrials,88.61969228621585,0.9781897247934396,0.0,1.3166304059624947,0.4957400791868492
SJM,Consumer Staples,116.43094186877312,0.6278867697914724,0.7278842138696359,0.2948703513353504,0.5283545580807208
JNJ,Health Care,101.89596583020253,0.6130301712534426,0.4961636251364376,0.6120274152716284,1.1251995218385722
JCI,Industrials,74.74748101276147,0.3510848812408109,0.7320696432227807,0.5623109025464821,0.17937963391629413
JPM,Financials,109.168313774266,0.38861734070530735,0.20736899976944673,0.14400645065214784,0.6327208905411101
JNPR,Information Technology,126.45941522244148,0.0,0.5973749167670299,0.28458417628876836,0.6490281299880459
KSU,Industrials,62.52909302567734,0.9680246836884718,0.0,0.5263092898834452,1.578540778463388
K,Consumer Staples,114.62990173091153,1.211985670207699,0.6099312048264645,1.1554803302327101,0.4370340171778802
KEY,Financials,97.66684087134603,0.4449160299020521,0.3139072014858597,0.1611500757297845,0.7631788061165967
KMB,Consumer Staples,114.58121272738691,0.9250187405520696,0.7602261679621184,5.993411327141773,0.5968449637578513
KIM,Real Estate,110.20621476952697,0.8221954401441262,0.24884279972333606,0.2691549137188954,2.5243606663856664
KMI,Energy,37.49471107649184,1.3089445238243147,0.0,0.3360150515216783,0.6718582652137561
KLAC,Information Technology,102.78673105188491,0.9258006667909132,0.7997975000282146,2.77383853756161,1.1317224176173466
KR,Consumer Staples,138.22495123492405,0.5981735727154127,0.634282793790216,0.768034403478122,0.07501330145590482
LB,Consumer Discretionary,140.01878013865257,0.6450891470460334,0.6224874928858988,-6.219707178166576,0.4631256002929775
LH,Health Care,115.43022171210353,0.7115528773477459,0.6605368506417605,0.5554534525154274,0.5055244228550106
LRCX,Information Technology,102.25018575450413,0.6830125696299516,0.610311698404023,0.3925890142778793,0.8447150033512758
LVS,Consumer Discretionary,80.07577331630311,0.49495930918804737,0.3736446931625627,0.6737444655511203,0.8055776286786299
LEG,Consumer Discretionary,102.15051527527092,2.005640802634031,0.6605368506417605,0.7131748032296846,0.43051112139910586
LDOS,Information Technology,160.63785156258686,0.0,0.24732082541310157,0.30687088888969605,0.15002660291180964
LEN,Consumer Discretionary,109.5598654663682,0.638442774015862,0.0,0.30687088888969605,0.4402954650672674
LLY,Health Care,126.2986119394715,1.047390196931105,0.7373965533086013,0.7388902408461395,1.0664934598296032
LNC,Financials,89.08087388033246,0.34326561885237405,0.20052011537339157,0.13886336312885686,0.32288334104932936
LIN,Materials,81.62079898105048,0.7776256445300366,1.0718504079826265,0.9411850167622521,0.8968981695814705
LYV,Communication Services,94.79387194077084,0.0,1.2948196444319764,0.6068843277483374,0.2576543832615861
LKQ,Consumer Discretionary,106.14469983654504,0.8867043548487294,1.3214541948610796,0.5383098274377908,0.4174653298415572
LMT,Industrials,117.03549023424387,0.5723700068335714,0.6662442543051399,2.5972591992619525,0.43377256928849306
L,Financials,92.64875650857515,1.0243233728852166,0.46610463250930684,0.10457611297358356,0.35549781994320107
LOW,Consumer Discretionary,131.94111273471435,0.7917003168292227,0.4721925297502447,0.7971785661101043,0.3033146537130064
LUMN,Communication Services,68.72517698711727,0.6634644136588597,0.22525219791470175,0.14914953817543886,0.23482424803587593
LYB,Materials,114.05351420224896,0.2568627694601478,0.22753515938005348,0.5228805648679178,0.19568687336322993
MTB,Financials,99.42373397274848,0.5704151912364622,0.529647059961596,0.19886605090058512,0.9816958147055368
MRO,Energy,46.15726050166213,0.22441283054813524,0.16285125119508845,0.14057772563662052,0.5250931101913336
MPC,Energy,118.18100326213961,0.32137168416475115,0.4786609205687412,0.2982990763508777,0.06849040567713048
MKTX,Financials,158.1765868945492,1.359378766229732,1.0376059860023508,1.3114873184392037,3.2255719626039068
MAR,Consumer Discretionary,87.62492569535324,1.117763558427036,0.657112408443733,-1.5840709571736264,0.512047318633785
MMC,Financials,99.67375423731413,0.7561226729618354,0.6144971277571677,0.665172653012302,0.7142570877757892
MLM,Materials,126.01815968597595,1.606076494584912,1.5166474001486505,0.2760123637499501,0.6359823384304972
MAS,Industrials,129.7608132588233,0.33779213518046836,0.5627500012091957,1.0834771049066363,0.30657610160239357
MA,Information Technology,114.6332530414622,1.0489540494087923,1.2000767436198805,2.4001075108691308,3.356029878179393
MKC,Consumer Staples,118.8331758339035,0.7780166076494583,0.8903549714871657,0.8091791036644498,0.6718582652137561
MXIM,Information Technology,124.12511066936392,1.2804042161065208,0.4371871206148519,0.5743114401008278,1.0371404288251187
MCD,Consumer Discretionary,131.39010644016182,0.6443072208071896,0.7054350927936774,1.0217600546271444,0.9360355442541166
MCK,Health Care,96.1851043638325,1.0556004224389637,0.5186127462123962,0.8554668913740688,0.08805909301345348
MDT,Health Care,111.29431636840638,0.8167219564722203,0.618302063532754,0.5245949273756815,1.1415067612855079
MRK,Health Care,96.83552211661309,0.4507804766933796,0.7891436798565733,0.4714496896350079,1.0730163556083776
MET,Financials,92.3754785320638,0.2791476672671926,0.10273326594082682,0.1028617504658199,0.19568687336322993
MTD,Health Care,112.9484408302542,1.0301878196765442,1.030376608028737,2.03494829671547,1.1773826880687668
MGM,Consumer Discretionary,107.0750073155442,0.0,1.4154361085180585,0.22286712600927644,0.3294062368281037
MCHP,Information Technology,107.09147110761246,0.9093802157751961,0.5638914819418717,0.6017412402250464,1.3795924572107712
MU,Information Technology,44.63739680754346,0.45469010788759806,0.6118336727142574,0.5297380148989724,0.8316692117937272
MSFT,Information Technology,123.60871008080603,0.6513445569567827,0.4817048691892102,0.634314127872556,1.2034742711838642
MAA,Real Estate,127.40506954318252,1.1994748503862,1.212633031679315,0.2537256511490224,1.4741744460029986
MHK,Consumer Discretionary,122.80040796267954,0.8378339649209996,4.320124079600547,0.43887680198749823,0.47617139185052615
TAP,Consumer Staples,129.68494700424412,0.9375295603735685,0.4501239022518449,0.26572618870336806,0.9621271273692139
MDLZ,Consumer Staples,126.30905299085804,0.994219212689735,1.0897336061278815,0.3308719639983873,0.5250931101913336
MNST,Consumer Staples,138.46929763352205,1.5239742395063258,1.2594337417190251,2.055520646808634,2.4950076353811816
MCO,Financials,106.8685568049109,0.7592503779172102,0.7731629495991115,72.97869759299145,1.8851168800657818
MS,Financials,83.86121993138426,0.43944254623014634,26.81224092982312,0.15600698820649353,0.6294594426517229
MOS,Materials,62.514311250121956,0.5919181628046634,0.4877927664301481,0.24001075108691308,0.5511846933064309
MSI,Information Technology,105.07551732846763,0.45117143981280144,0.0,0.8126078286799773,0.8316692117937272
MSCI,Financials,155.10555559090528,0.713507692944855,0.7697385074010838,0.5914550651784645,1.6992143503707133
NDAQ,Financials,124.3232165169202,0.7021697624816218,0.5741648085359543,0.21429531347045813,0.6914269525500791
NTAP,Information Technology,81.65565255517072,0.7494762999316642,0.4322407041065898,0.5640252650542458,0.6359823384304972
NFLX,Communication Services,236.10884043682816,3.091345385268476,0.0,1.9046567461254316,1.2491345416352844
NWL,Consumer Discretionary,118.74338571797982,0.8992151746702283,0.6757565937441053,0.7783205785247039,0.49900152707623635
NEM,Materials,96.36064171754327,0.6619005611811724,0.8237685954144075,0.1131479255124019,0.41094243406278286
NWSA,Communication Services,86.46336966873307,1.26320183885196,0.31504868221853555,0.1131479255124019,0.32288334104932936
NWS,Communication Services,93.97170775230612,1.2166772276407611,0.3032533813142184,0.10971920049687456,0.3098375494917807
NEE,Utilities,101.48547824435947,0.6372698846575966,0.0,0.3445868640604966,0.769701701895371
NLSN,Industrials,107.51852629544575,1.4399171688306307,0.5791112250442163,0.45773478957289854,0.7370872230014993
NKE,Consumer Discretionary,135.6990262175218,1.0743666521712119,1.170778738147867,1.1726239553103468,0.9099439611390192
NI,Utilities,123.3433794440401,0.314334348015158,4.41296451252485,0.12000537554345654,0.2641772790403604
NSC,Industrials,79.77516506212625,0.5852717897744921,1.2483994279698252,0.4080182768477522,0.8381921075725015
NTRS,Financials,109.86499449050264,0.6900499057795447,0.6205850249981056,0.2777267262577137,1.0077873978206342
NOC,Industrials,131.41164143104476,0.5367923629661842,0.5311690342718305,0.6308854028570288,0.3881122988370727
NLOK,Information Technology,84.75152747901005,0.3209807210453293,0.28194574097093583,0.21429531347045813,0.41420388195217006
NCLH,Consumer Discretionary,126.24235619767677,1.1216731896212544,0.0,0.5177374773446268,1.0273560851569572
NOV,Energy,53.72105853422393,0.4034739392433372,0.5110028746612237,0.20743786343940346,0.39137374672645986
NRG,Utilities,45.2747899118788,4.510150545650328,0.3884839426873488,0.12000537554345654,0.16633384235874546
NUE,Materials,85.75585606381755,0.7189811766167608,0.698966701975181,0.2760123637499501,0.20220976914200425
NVDA,Information Technology,148.7659917396998,0.7185902134973389,0.5471497645292924,0.4148757268788069,0.7664402540059839
NVR,Consumer Discretionary,129.7767714493561,0.7756708289329274,1.3983138975279206,0.7868923910635222,0.4174653298415572
ORLY,Consumer Discretionary,132.53222410001482,1.0258872253629039,1.0182008135468614,1.6629316325307548,0.9295126484753422
OXY,Energy,88.02053713074817,3.2719703464413654,0.8260515568797593,0.22458148851704013,0.7860089413423069
ODFL,Industrials,76.638740671897,0.9641150524942534,5.465409748051986,0.7560338659237763,0.769701701895371
OMC,Communication Services,101.09823638954343,0.5860537160133358,0.490836715050617,0.8126078286799773,0.3489749241644267
OKE,Energy,53.00891630856472,0.8605098258474663,0.0,0.2931559888275867,0.18590252969506843
ORCL,Information Technology,93.8664540489624,0.6282777329108943,0.45963624169081035,0.6068843277483374,1.4774358938923862
PCAR,Industrials,73.41951141670609,0.5536037771013231,0.32988793174332165,0.4868789522048808,0.3294062368281037
PKG,Materials,84.02592952777256,0.6392247002547058,0.7628896230050287,0.7234609782762665,0.3522363720538139
PH,Industrials,77.48603914722729,0.6196765442836139,0.5532376617702303,0.4851645896971172,0.42398822562033156
PAYX,Information Technology,119.13120019110879,0.8515176741007641,0.6711906708134019,1.3149160434547311,1.754658964490295
PNR,Industrials,76.76999731532288,1.3562510612743572,0.3173316436838873,0.26744055121113175,0.5479232454170438
PBCT,Financials,111.86005667459409,0.5289731005777473,0.41968441604715545,0.13029155059003855,0.808839076568017
PEP,Consumer Staples,109.55352478745701,0.7260185127663539,0.5935699809914438,1.1520516052171828,0.5935835158684641
PKI,Health Care,124.13471462275267,1.2076850758940587,0.7176108872755532,0.40287518932446126,0.7631788061165967
PRGO,Health Care,87.46556822651982,3.8732716241121525,1.953454027185944,0.3908746517701156,2.2960593141285646
PFE,Health Care,107.87240238289233,0.6450891470460334,0.3603274179480111,0.353158676599315,0.9914801583736984
PM,Consumer Staples,114.25192960682406,0.4922225673520945,0.5422033480210304,-1.417777793920551,0.38158940305829836
PSX,Energy,117.96389156349932,0.27132840487875587,0.0,0.24515383861020407,0.06849040567713048
PNW,Utilities,98.71367679921849,0.5985645358348346,1.1076168042731365,0.2297245760403311,0.5674919327533668
PXD,Energy,84.8977989718868,0.8831856867739328,0.0,0.42687626443315263,1.320886395201802
PNC,Financials,107.59355584231436,0.41129320163177396,0.28118475381581853,0.14914953817543886,0.8284077639043401
POOL,Consumer Discretionary,130.06468110456203,0.950822306433911,0.9782489879032065,1.8052237206751391,0.39137374672645986
PPG,Materials,87.12118041454288,0.54656644095173,1.1555589950455223,0.9274701167001428,0.6457666820986587
PPL,Utilities,106.43207160579679,0.37610652088380847,0.0,0.21086658845493078,0.6946884004394662
PFG,Financials,89.90935030542235,0.4433521774243647,0.15904631541950223,0.2040091384238761,0.3848508509476855
PG,Consumer Staples,90.70457244274077,0.8933507278789008,0.516710278324603,0.5383098274377908,1.0208331893781828
PGR,Financials,121.83927133230148,0.4077745335569774,0.3139072014858597,0.32744323898286,0.2250399043677144
PLD,Real Estate,104.33506867019247,1.1869640305647013,0.5345934764698581,0.2057235009316398,3.3886443570732654
PRU,Financials,93.33108322962698,0.8874862810875731,0.06468390818496503,0.13029155059003855,0.1989483212526171
PEG,Utilities,97.95395946229806,0.4359238781553498,1.894477522664358,0.23658202607138576,0.5055244228550106
PSA,Real Estate,139.35192725657234,1.1240189683377853,0.7202743423184635,0.46973532712724425,3.913737467264599
PHM,Consumer Discretionary,85.11110699946342,0.6130301712534426,1.0767968244908885,0.2588687386723134,0.4174653298415572
PVH,Consumer Discretionary,80.2293503912127,1.0579462011554945,0.7841972633483113,0.34972995158378767,0.375066507279524
PWR,Industrials,71.87198149763806,0.8147671408751112,15.69650155502566,0.23315330105585846,0.2609158311509733
QCOM,Information Technology,69.87664520448298,0.5012147190987968,0.5395398929781201,0.44230552700302556,1.2523959895246715
DGX,Health Care,109.14989487644759,0.6071657244621149,0.5121443553938996,0.3360150515216783,0.375066507279524
RL,Consumer Discretionary,61.65641411456419,0.79326416930691,0.8747547348072623,0.6068843277483374,0.6392437863198844
RJF,Financials,103.29464306245524,0.6056018719844276,0.42843576833100366,0.27944108876547735,0.48921718340807485
RTX,Industrials,86.17194663213021,0.5735428961918368,0.64417562680674,0.47830713966606253,0.5153087665231721
O,Real Estate,114.23259072273346,1.3804907746785113,0.0,0.2502969261334951,2.7885379454260266
REG,Real Estate,110.83234092004632,1.1205003002629887,0.0,0.42859062694091626,2.8863813821076416
REGN,Health Care,133.29971804532624,5.241642542088587,4.220815255857747,2.82526941279452,5.410742048493308
RF,Financials,93.7684096169612,0.43631484127477166,0.24960378687845328,0.1217197380512202,0.7273028793333379
RSG,Industrials,114.02009484894864,0.9011699902673375,0.6833664652952777,0.2760123637499501,0.46964849607175185
RMD,Health Care,98.4132792160659,0.8135942515168456,0.8355638963187247,0.7748918535091764,1.4774358938923862
RHI,Industrials,82.52057853282261,0.9003880640284938,0.9618877640681859,1.2257691930510206,0.48921718340807485
ROK,Industrials,95.13492560346143,0.6255409910749414,0.5387789058230028,0.8777536039749965,0.6685968173243689
ROL,Industrials,120.21087270407307,1.250691019030461,1.0067860062201028,1.6389305574220638,1.02409463726757
ROP,Industrials,123.02674243462688,0.9211091093578512,0.7233182909389325,0.5451672774688455,1.3958996966577069
ROST,Consumer Discretionary,127.41762254857116,0.7064703567952619,0.9550388796721307,1.2514846306674754,0.492478631297462
RCL,Consumer Discretionary,125.65137008204617,0.8382249280404215,4.084979048669321,0.332586326506151,0.6620739215455945
CRM,Information Technology,122.33388751166841,0.0,1.8023980768951726,1.8257960707683032,2.5276221142750535
SBAC,Real Estate,95.56686255670219,0.0,1.1624078794415775,-3.675593216645298,3.069022463913323
SLB,Energy,84.27093887799143,0.6638553767782815,0.4847488178096791,0.4045895518322249,0.6196750989835614
STX,Information Technology,58.1017266110664,0.30495123314903394,0.25074526761112914,0.7131748032296846,0.36528216361136256
SEE,Materials,107.05561242480238,1.267111470046178,0.0,1.2069112054656201,0.3522363720538139
SRE,Utilities,87.473288902546,0.7819262388436767,0.0,0.32401451396733266,0.6881655046606919
NOW,Information Technology,128.51368416114127,0.0,4.3353438227028915,4.056181693368831,4.689962064938745
SHW,Materials,100.38294832962626,1.1048617754861154,1.060435600655868,4.05103860584554,0.7175185356651765
SPG,Real Estate,111.04008658705544,1.1947832929531381,0.8446957421801315,1.2360553680976025,2.8733355905500932
SWKS,Information Technology,107.43485504809449,0.8968693959536973,0.6807030102523673,0.8006072911256316,1.6111552573572598
SLG,Real Estate,97.74478694469629,0.6931776107349195,0.0,0.1937229633772941,1.989483212526171
SNA,Industrials,128.05555370058414,0.6607276718229068,0.8405103128269867,0.5417385524533181,0.7109956398864021
SO,Utilities,100.65320230833534,0.6536903356733137,2.2159945957013902,0.2691549137188954,0.5837991722003026
LUV,Industrials,103.20388339831264,0.9570777163446603,0.9272628485103517,0.690888090628757,0.492478631297462
SWK,Industrials,114.25249942689584,0.7076432461535275,0.5132858361265754,0.3565874016148423,0.394635194615847
SBUX,Consumer Discretionary,149.29834698838985,0.873020645668965,0.9554193732496893,1.5394975319717712,1.0762778034977647
STT,Financials,86.77175815092225,0.5700242281170403,0.0,0.22801021353256745,0.906682513249632
STE,Health Care,117.0315245508785,1.0782762833654302,0.8975843494607795,0.5777401651163551,0.6555510257668202
SYK,Health Care,100.7468808012779,2.178837464537905,0.8226271146817318,0.660029565489011,1.1284609697279593
SIVB,Financials,103.19148167076713,0.8483899691453892,1.030376608028737,0.2502969261334951,1.2621803331928332
SNPS,Information Technology,122.8588019039722,0.977016835435174,0.5539986489253476,0.35830176412260595,1.0208331893781828
SYY,Consumer Staples,106.56131453324227,0.8953055434760098,0.8112123073549732,0.6428859404113744,0.13698081135426096
TMUS,Communication Services,146.27942106553786,3.6320473794288786,0.0,0.23829638857914942,0.24134714381465025
TROW,Financials,88.39404149941717,0.6087295769398023,0.5920480066812094,0.5880263401629371,1.555710643237678
TTWO,Communication Services,125.20942660228084,0.0,0.0,0.5211662023601542,0.9295126484753422
TPR,Consumer Discretionary,91.3006410209161,0.5891814209687104,0.3995182564365487,0.5777401651163551,0.6196750989835614
TGT,Consumer Discretionary,129.34389510116796,0.8300147025325629,0.35614198859486623,0.337729414029442,0.15002660291180964
TEL,Information Technology,103.31832634643152,0.49730508790457845,0.6228679864634574,0.44230552700302556,0.6751197131031432
FTI,Energy,62.390641091193466,0.5786254167443208,0.80930983946718,0.7011742656753389,0.4272496735097187
TDY,Industrials,86.96931242218477,0.6974782050485596,0.6061262690508782,0.43887680198749823,0.5316160059701079
TFX,Health Care,116.55882397521474,1.0708479840964154,0.8766572026950554,0.40973263935551596,0.906682513249632
TER,Information Technology,106.5377253953863,1.9817920523492987,0.49159770220573423,0.33430068901391463,0.8251463160149528
TSLA,Consumer Discretionary,108.70723185730655,0.0,0.0,5.256235448803396,2.8211524243198984
TXN,Information Technology,105.97210480994698,0.6908318320183885,0.49159770220573423,0.7868923910635222,1.2360887500777358
TXT,Industrials,100.68700747332629,0.7612051935143193,0.5734038213808371,0.46287787709618955,0.27722307059790907
TMO,Health Care,114.5835074092836,1.0192408523327328,0.8386078449391936,0.40973263935551596,0.9523427837010523
TJX,Consumer Discretionary,117.7945564371537,0.7545588204841481,0.8340419220084904,1.5789278696503355,0.47617139185052615
TSCO,Consumer Discretionary,110.20443734167212,1.0681112422604624,1.5489893542411333,1.3132016809469673,0.5805377243109154
TDG,Industrials,117.1981956741075,1.7186738729784015,0.5524766746151131,-0.9120408541302698,1.1317224176173466
TRV,Financials,109.89412607505172,0.33544635646393733,0.3268439831228527,0.2040091384238761,0.38158940305829836
TRMB,Information Technology,81.4157365345773,1.2972156302416598,0.7423429698168634,0.5005938522669902,0.9588656794798267
TFC,Financials,100.6401851627114,0.4531262554099107,0.27395537584220486,0.1611500757297845,0.7533944624484352
TWTR,Communication Services,64.98512461290812,0.0,0.0,1.0886201924299272,4.99327671865175
TYL,Information Technology,160.45494684294766,2.5776198463481808,1.1041923620751088,1.8635120459391037,2.5569751452795377
TSN,Consumer Staples,135.36228877819863,0.5899633472075541,0.6114531791366988,0.2571543761645497,0.11088922823916364
UDR,Real Estate,126.89517215183423,1.6310981342279096,5.53047414981451,0.39944646430893394,2.5243606663856664
ULTA,Consumer Discretionary,145.05359365900668,1.2729759168375059,1.9466051427898887,1.1246218050929642,0.8316692117937272
USB,Financials,97.89138813603155,0.48088463688886124,0.4904562214730584,0.26229746368784074,1.0501862203826673
UAA,Consumer Discretionary,119.60655940056076,2.7050738232796996,7.220626621329891,1.7846513705819753,1.5296190601225808
UNP,Industrials,67.64760016506361,0.7107709511089022,1.130065925349095,0.7491764158927217,1.2850104684185433
UAL,Industrials,86.29296751620963,0.9371385972541465,1.3716793470988171,1.7932231831207937,0.2185170085889401
UNH,Health Care,119.13052237858103,0.6310144747468471,0.5288860728064788,0.46287787709618955,0.22830135225710158
UPS,Industrials,89.72358836090521,1.0978244393365222,0.9382971622595515,6.622582367491038,0.472909943961139
URI,Industrials,71.63360070915488,0.7698063821415998,0.7313086560676634,0.951471191808834,0.6164136510941742
UHS,Health Care,108.52470861383381,0.7873997225155825,0.6476000690047675,0.4868789522048808,0.4370340171778802
UNM,Financials,98.13193861710126,0.7181992503779171,0.25531119054183254,0.1474351756676752,0.23156280014648875
VLO,Energy,147.84583611785592,0.21659356815969846,0.36717630234406623,0.1577213507142572,0.04892171834080748
VAR,Health Care,94.08798995315779,0.7807533494854112,0.7674555459357322,0.8160365536955044,0.8479764512406631
VTR,Real Estate,95.05618237139694,1.1326201569650658,0.4508848894069621,0.27258363873442276,1.6242010489148087
VRSN,Information Technology,154.39020640146754,0.8843585761321985,0.5441058159088235,-1.30977295593144,2.6156812072885067
VRSK,Industrials,120.91432010639693,1.0469992338116831,1.1871399619828875,8.107220299214372,2.4460859170403744
VZ,"Communication Services
",104.3870609456395,0.5500851090265266,0.39799628212631427,1.8395109708304125,0.35549781994320107
VRTX,Health Care,106.69639207969016,0.0,0.0,4.491629770340802,15.667995660615944
VFC,Consumer Discretionary,85.32859937796182,1.1994748503862,0.0,0.0,1.0664934598296032
VIAC,Communication Services,86.7724505402091,0.3632047379428878,0.968736648464241,0.6205992278104467,0.7403486708908866
VTRS,Health Care,96.62517931369104,0.9418301546872087,1.2381261013757423,1.1074781800153275,0.945819887922278
V,Information Technology,120.00843084438537,1.1009521442918968,0.9230774191572069,1.1743383178181104,4.416000442230222
VNO,Real Estate,96.69102970200987,0.6357060321799093,1.5535552771718364,0.2897272638120594,1.793796339162941
VMC,Materials,146.1887388943768,1.5873102648526638,5.0875796255362795,0.337729414029442,0.906682513249632
WRB,Financials,108.54252393025001,0.3698511109730591,0.28308722170361167,0.2160096759782218,0.2804845184872962
WAB,Industrials,82.71648965757761,0.907034437058665,0.7282647074471945,0.7663200409703582,0.8708065864663732
WMT,Consumer Staples,77.49109896747242,0.52740924810006,0.5749257956910715,0.4337337144642072,0.14350370713303529
WBA,Consumer Staples,125.43166969140273,1.071238947215837,0.5250811370308927,0.4560204270651349,0.23482424803587593
DIS,Communication Services,113.75902041389212,0.7643328984696941,0.8523056137313039,0.5348811024222635,0.9980030541524727
WM,Industrials,107.90195729850586,0.6278867697914724,0.6753761001665466,0.6000268777172827,0.48921718340807485
WAT,Health Care,120.27116617024652,0.865983309519372,0.8652423953682968,0.8486094413430142,1.5720178826846138
WEC,Utilities,101.52800936305056,0.6548632250315792,0.8545885751966557,0.3754453892002426,0.6425052342092716
WFC,Financials,102.59172599407289,0.42927750512517854,0.5205152141001892,0.2160096759782218,0.8871138259133091
WELL,Real Estate,94.96519452819285,1.5427404692385742,0.0,0.23486766356362213,1.6535540799192932
WST,Health Care,114.85439974221788,1.1412213455923463,2.0040596730012403,0.6566008404734837,0.8544993470194374
WDC,Information Technology,56.09742707945291,0.5551676295790104,0.4573532802254586,0.4080182768477522,0.4826942876293005
WU,Information Technology,104.0186984962487,0.3546035493156074,0.31314621433074247,0.9909015294873984,0.453341256624816
WY,Real Estate,87.5081947560662,0.34913006564370164,0.8321394541206972,0.49030767722040813,0.9816958147055368
WHR,Consumer Discretionary,77.8535479729263,0.7838810544407859,0.6358047681004504,0.3771597517080063,0.21525556069955293
WMB,Energy,61.237105963313454,0.42302209521442913,0.0,0.1937229633772941,0.9392969921435037
WYNN,Consumer Discretionary,48.10897464855249,0.7150715454225424,0.0,10.802198161418852,0.8023161807892427
XEL,Utilities,104.59288648585803,0.5731519330724151,0.0,0.25201128864125877,0.4174653298415572
XRX,Information Technology,79.26395062740956,0.3753245946449648,0.16513421266044012,0.1320059130978022,0.14676515502242246
XLNX,Information Technology,112.44387695095664,0.6247590648360978,0.5170907719021616,0.6411715779036107,1.435037071330353
XYL,Industrials,98.11923847741481,0.7486943736928204,0.8214856339490558,0.5143087523290995,0.5381389017488823
YUM,Consumer Discretionary,103.27875145880421,0.7913093537098008,1.0965824905239365,2.149810584735636,0.512047318633785
ZBRA,Information Technology,90.6371062430982,4.8037638483361285,0.7240792780940497,0.6583152029812473,0.7762245976741454
ZBH,Health Care,91.87848713470434,1.0082938849889211,0.9828149108339098,0.48002150217382616,1.2947948120867048
ZION,Financials,97.19451203899047,0.5719790437141495,0.9078576760548621,0.12000537554345654,0.6685968173243689
ZTS,Health Care,112.99455723753096,1.3902648526640573,1.7320067650468285,2.6521187995103896,1.4122069361046428
